rout,GAMMA,T_SPIN_COHERENCE,L,eta_d,p_dc,ep_depol,best_solutions_fitness,best_solution
<class 'key_rate_optimization.tgs_a_routine'>,12566370614.359173,0.013,1000000.0,0.95,1e-06,5e-05,505.6769736345635,[5 29 6 737.3868909595283]
<class 'key_rate_optimization.tgs_a_routine'>,12566370614.359173,0.013,1000000.0,0.95,3.162277660168379e-06,5e-05,486.20205939008594,[5 29 6 738.1384111596738]
<class 'key_rate_optimization.tgs_a_routine'>,12566370614.359173,0.013,1000000.0,0.95,1e-05,5e-05,426.8424072304606,[5 29 6 740.5645397046841]
<class 'key_rate_optimization.tgs_a_routine'>,12566370614.359173,0.013,1000000.0,0.95,3.1622776601683795e-05,5e-05,260.6311310635916,[4 29 6 720.3625995959985]
<class 'key_rate_optimization.tgs_a_routine'>,12566370614.359173,0.013,1000000.0,0.95,0.0001,5e-05,2.401120851433434e-17,[1 1 29 24.1540188963781]
<class 'key_rate_optimization.tgs_a_routine'>,12566370614.359173,0.013,1000000.0,0.96,1e-06,5e-05,677.4753883901338,[5 29 6 655.2009055443854]
<class 'key_rate_optimization.tgs_a_routine'>,12566370614.359173,0.013,1000000.0,0.96,3.162277660168379e-06,5e-05,656.1527473784826,[5 29 6 656.21389295168]
<class 'key_rate_optimization.tgs_a_routine'>,12566370614.359173,0.013,1000000.0,0.96,1e-05,5e-05,591.0303439264776,[5 29 6 659.458285618892]
<class 'key_rate_optimization.tgs_a_routine'>,12566370614.359173,0.013,1000000.0,0.96,3.1622776601683795e-05,5e-05,410.7428228531764,[4 29 6 653.378456766699]
<class 'key_rate_optimization.tgs_a_routine'>,12566370614.359173,0.013,1000000.0,0.96,0.0001,5e-05,3.194299637184132e-17,[1 1 29 24.311585936531092]
<class 'key_rate_optimization.tgs_a_routine'>,12566370614.359173,0.013,1000000.0,0.97,1e-06,5e-05,866.1104944040153,[4 27 6 618.9456742248957]
<class 'key_rate_optimization.tgs_a_routine'>,12566370614.359173,0.013,1000000.0,0.97,3.162277660168379e-06,5e-05,843.5938840893613,[4 27 6 619.4725432344471]
<class 'key_rate_optimization.tgs_a_routine'>,12566370614.359173,0.013,1000000.0,0.97,1e-05,5e-05,774.731665953737,[4 28 6 604.2414221801546]
<class 'key_rate_optimization.tgs_a_routine'>,12566370614.359173,0.013,1000000.0,0.97,3.1622776601683795e-05,5e-05,582.4419773227592,[4 29 6 593.8678656470798]
<class 'key_rate_optimization.tgs_a_routine'>,12566370614.359173,0.013,1000000.0,0.97,0.0001,5e-05,4.2382560658626255e-17,[1 1 29 24.48330207341272]
<class 'key_rate_optimization.tgs_a_routine'>,12566370614.359173,0.013,1000000.0,0.98,1e-06,5e-05,1099.0029025173012,[4 25 6 593.9437657981965]
<class 'key_rate_optimization.tgs_a_routine'>,12566370614.359173,0.013,1000000.0,0.98,3.162277660168379e-06,5e-05,1073.4306610516562,[4 26 6 576.8384350742374]
<class 'key_rate_optimization.tgs_a_routine'>,12566370614.359173,0.013,1000000.0,0.98,1e-05,5e-05,996.083237360742,[4 26 6 578.9049000256557]
<class 'key_rate_optimization.tgs_a_routine'>,12566370614.359173,0.013,1000000.0,0.98,3.1622776601683795e-05,5e-05,775.878099493883,[4 27 6 569.1882733550406]
<class 'key_rate_optimization.tgs_a_routine'>,12566370614.359173,0.013,1000000.0,0.98,0.0001,5e-05,5.609723211316312e-17,[1 1 29 24.671772070482213]
<class 'key_rate_optimization.tgs_a_routine'>,12566370614.359173,0.013,1000000.0,0.99,1e-06,5e-05,1397.9206751529553,[4 18 5 579.977296830817]
<class 'key_rate_optimization.tgs_a_routine'>,12566370614.359173,0.013,1000000.0,0.99,3.162277660168379e-06,5e-05,1325.0493800251782,[4 25 6 539.4454608487885]
<class 'key_rate_optimization.tgs_a_routine'>,12566370614.359173,0.013,1000000.0,0.99,1e-05,5e-05,1242.222198343997,[4 18 5 581.7105382458907]
<class 'key_rate_optimization.tgs_a_routine'>,12566370614.359173,0.013,1000000.0,0.99,3.1622776601683795e-05,5e-05,993.5837838390062,[4 26 6 533.4653908849109]
<class 'key_rate_optimization.tgs_a_routine'>,12566370614.359173,0.013,1000000.0,0.99,0.0001,5e-05,7.408672134049004e-17,[1 1 29 24.88035651135365]
<class 'key_rate_optimization.tgs_a_routine'>,628318530717.9586,4e-06,1000000.0,0.95,1e-06,5e-05,4.1920091979967575e-23,[1 2 29 128.55898893099757]
<class 'key_rate_optimization.tgs_a_routine'>,628318530717.9586,4e-06,1000000.0,0.95,3.162277660168379e-06,5e-05,1.7800082819811957e-11,[1 1 25 1.1547127612443677]
<class 'key_rate_optimization.tgs_a_routine'>,628318530717.9586,4e-06,1000000.0,0.95,1e-05,5e-05,2.171316354771821e-24,[1 3 29 151.23873396018766]
<class 'key_rate_optimization.tgs_a_routine'>,628318530717.9586,4e-06,1000000.0,0.95,3.1622776601683795e-05,5e-05,4.466287922060069e-19,[1 1 29 55.862016887824645]
<class 'key_rate_optimization.tgs_a_routine'>,628318530717.9586,4e-06,1000000.0,0.95,0.0001,5e-05,2.2746430255134873e-18,[1 1 29 43.580177385685886]
<class 'key_rate_optimization.tgs_a_routine'>,628318530717.9586,4e-06,1000000.0,0.96,1e-06,5e-05,3.7724474772119097e-20,[1 2 28 80.25655636845448]
<class 'key_rate_optimization.tgs_a_routine'>,628318530717.9586,4e-06,1000000.0,0.96,3.162277660168379e-06,5e-05,2.5321548166394137e-19,[1 1 26 14.368914062767999]
<class 'key_rate_optimization.tgs_a_routine'>,628318530717.9586,4e-06,1000000.0,0.96,1e-05,5e-05,3.2620353358997164e-10,[1 1 29 1.1847112034529848]
<class 'key_rate_optimization.tgs_a_routine'>,628318530717.9586,4e-06,1000000.0,0.96,3.1622776601683795e-05,5e-05,2.814000679203543e-17,[1 1 29 23.691286081705723]
<class 'key_rate_optimization.tgs_a_routine'>,628318530717.9586,4e-06,1000000.0,0.96,0.0001,5e-05,1.5913085207380117e-18,[1 1 29 49.843185474078005]
<class 'key_rate_optimization.tgs_a_routine'>,628318530717.9586,4e-06,1000000.0,0.97,1e-06,5e-05,2.6910738408194688e-17,[1 1 28 30.145775857730086]
<class 'key_rate_optimization.tgs_a_routine'>,628318530717.9586,4e-06,1000000.0,0.97,3.162277660168379e-06,5e-05,2.5079763054233452e-20,[1 1 29 93.26265481020943]
<class 'key_rate_optimization.tgs_a_routine'>,628318530717.9586,4e-06,1000000.0,0.97,1e-05,5e-05,1.7306131377689764e-17,[1 1 27 33.93055209528521]
<class 'key_rate_optimization.tgs_a_routine'>,628318530717.9586,4e-06,1000000.0,0.97,3.1622776601683795e-05,5e-05,5.7057552005304035e-21,[1 4 29 103.47317374227269]
<class 'key_rate_optimization.tgs_a_routine'>,628318530717.9586,4e-06,1000000.0,0.97,0.0001,5e-05,1.90445932463849e-05,[1 1 25 1.153903225162361]
<class 'key_rate_optimization.tgs_a_routine'>,628318530717.9586,4e-06,1000000.0,0.98,1e-06,5e-05,1.6580776040854675e-17,[1 3 28 28.98363018099179]
<class 'key_rate_optimization.tgs_a_routine'>,628318530717.9586,4e-06,1000000.0,0.98,3.162277660168379e-06,5e-05,1.1699403478195483e-17,[1 2 29 38.47453436696408]
<class 'key_rate_optimization.tgs_a_routine'>,628318530717.9586,4e-06,1000000.0,0.98,1e-05,5e-05,2.141630729694112e-18,[1 1 26 57.28274562399837]
<class 'key_rate_optimization.tgs_a_routine'>,628318530717.9586,4e-06,1000000.0,0.98,3.1622776601683795e-05,5e-05,0.0,
<class 'key_rate_optimization.tgs_a_routine'>,628318530717.9586,4e-06,1000000.0,0.98,0.0001,5e-05,1.2040448985661424e-20,[1 2 29 107.95532730812417]
<class 'key_rate_optimization.tgs_a_routine'>,628318530717.9586,4e-06,1000000.0,0.99,1e-06,5e-05,1.180635921937915e-19,[1 1 27 12.917215771907742]
<class 'key_rate_optimization.tgs_a_routine'>,628318530717.9586,4e-06,1000000.0,0.99,3.162277660168379e-06,5e-05,2.2014527110356066e-17,[1 1 29 39.45899231913531]
<class 'key_rate_optimization.tgs_a_routine'>,628318530717.9586,4e-06,1000000.0,0.99,1e-05,5e-05,6.853741701380576e-18,[1 1 29 51.55160888808419]
<class 'key_rate_optimization.tgs_a_routine'>,628318530717.9586,4e-06,1000000.0,0.99,3.1622776601683795e-05,5e-05,0.0,
<class 'key_rate_optimization.tgs_a_routine'>,628318530717.9586,4e-06,1000000.0,0.99,0.0001,5e-05,2.7592632497071048e-05,[1 1 24 1.0973067922124802]
<class 'key_rate_optimization.tgs_a_routine'>,1068141502.2205297,1.0,1000000.0,0.95,1e-06,5e-05,178.97925039588245,[5 23 5 774.4197915627598]
<class 'key_rate_optimization.tgs_a_routine'>,1068141502.2205297,1.0,1000000.0,0.95,3.162277660168379e-06,5e-05,248.25035773282704,[5 29 6 850.55364982489]
<class 'key_rate_optimization.tgs_a_routine'>,1068141502.2205297,1.0,1000000.0,0.95,1e-05,5e-05,211.67232116678608,[4 29 6 815.8428961267854]
<class 'key_rate_optimization.tgs_a_routine'>,1068141502.2205297,1.0,1000000.0,0.95,3.1622776601683795e-05,5e-05,110.08720171522555,[4 29 6 805.4860059941501]
<class 'key_rate_optimization.tgs_a_routine'>,1068141502.2205297,1.0,1000000.0,0.95,0.0001,5e-05,2.127537136482119e-06,[1 1 24 1.1912186294684486]
<class 'key_rate_optimization.tgs_a_routine'>,1068141502.2205297,1.0,1000000.0,0.96,1e-06,5e-05,389.8523101843923,[4 29 6 733.2080913973832]
<class 'key_rate_optimization.tgs_a_routine'>,1068141502.2205297,1.0,1000000.0,0.96,3.162277660168379e-06,5e-05,375.7297585038858,[4 29 6 733.1952407512953]
<class 'key_rate_optimization.tgs_a_routine'>,1068141502.2205297,1.0,1000000.0,0.96,1e-05,5e-05,332.64774549681846,[4 29 6 733.1320526514357]
<class 'key_rate_optimization.tgs_a_routine'>,1068141502.2205297,1.0,1000000.0,0.96,3.1622776601683795e-05,5e-05,209.49897682068655,[4 29 6 732.7635640488879]
<class 'key_rate_optimization.tgs_a_routine'>,1068141502.2205297,1.0,1000000.0,0.96,0.0001,5e-05,1.0702947005000725e-17,[1 1 29 24.41511843443709]
<class 'key_rate_optimization.tgs_a_routine'>,1068141502.2205297,1.0,1000000.0,0.97,1e-06,5e-05,537.0881343916336,[4 29 6 658.5471384123468]
<class 'key_rate_optimization.tgs_a_routine'>,1068141502.2205297,1.0,1000000.0,0.97,3.162277660168379e-06,5e-05,521.0248921522257,[4 29 6 658.9269395062479]
<class 'key_rate_optimization.tgs_a_routine'>,1068141502.2205297,1.0,1000000.0,0.97,1e-05,5e-05,471.90938857691987,[4 29 6 660.1253457484179]
<class 'key_rate_optimization.tgs_a_routine'>,1068141502.2205297,1.0,1000000.0,0.97,3.1622776601683795e-05,5e-05,330.54483661418783,[4 29 6 664.0308417384929]
<class 'key_rate_optimization.tgs_a_routine'>,1068141502.2205297,1.0,1000000.0,0.97,0.0001,5e-05,1.4218396055293575e-17,[1 1 29 24.589026713497187]
<class 'key_rate_optimization.tgs_a_routine'>,1068141502.2205297,1.0,1000000.0,0.98,1e-06,5e-05,700.1334123791279,[4 27 6 625.7015946401228]
<class 'key_rate_optimization.tgs_a_routine'>,1068141502.2205297,1.0,1000000.0,0.98,3.162277660168379e-06,5e-05,681.505057649513,[4 27 6 626.3453417677297]
<class 'key_rate_optimization.tgs_a_routine'>,1068141502.2205297,1.0,1000000.0,0.98,1e-05,5e-05,626.2814455348092,[4 28 6 611.7962706770189]
<class 'key_rate_optimization.tgs_a_routine'>,1068141502.2205297,1.0,1000000.0,0.98,3.1622776601683795e-05,5e-05,467.98119710506745,[4 29 6 602.8313510651942]
<class 'key_rate_optimization.tgs_a_routine'>,1068141502.2205297,1.0,1000000.0,0.98,0.0001,5e-05,1.8842588062854873e-17,[1 1 29 24.77991366297469]
<class 'key_rate_optimization.tgs_a_routine'>,1068141502.2205297,1.0,1000000.0,0.99,1e-06,5e-05,880.0972660499026,[4 26 6 581.3396052800582]
<class 'key_rate_optimization.tgs_a_routine'>,1068141502.2205297,1.0,1000000.0,0.99,3.162277660168379e-06,5e-05,859.4639340615254,[4 26 6 582.112663193776]
<class 'key_rate_optimization.tgs_a_routine'>,1068141502.2205297,1.0,1000000.0,0.99,1e-05,5e-05,796.9066162016504,[4 27 6 569.0346927184706]
<class 'key_rate_optimization.tgs_a_routine'>,1068141502.2205297,1.0,1000000.0,0.99,3.1622776601683795e-05,5e-05,619.7712216716614,[4 28 6 562.1188523988139]
<class 'key_rate_optimization.tgs_a_routine'>,1068141502.2205297,1.0,1000000.0,0.99,0.0001,5e-05,183.79603583746788,[4 29 6 571.4443446859195]
<class 'key_rate_optimization.tgs_a_routine'>,628318530717.9586,1.0,1000000.0,0.95,1e-06,5e-05,542.1564575848046,[5 29 6 727.9532656606541]
<class 'key_rate_optimization.tgs_a_routine'>,628318530717.9586,1.0,1000000.0,0.95,3.162277660168379e-06,5e-05,521.8787508525796,[5 29 6 728.7307818324165]
<class 'key_rate_optimization.tgs_a_routine'>,628318530717.9586,1.0,1000000.0,0.95,1e-05,5e-05,460.07645977108075,[5 29 6 731.2399513118212]
<class 'key_rate_optimization.tgs_a_routine'>,628318530717.9586,1.0,1000000.0,0.95,3.1622776601683795e-05,5e-05,283.8955804263833,[5 29 6 739.9619023594835]
<class 'key_rate_optimization.tgs_a_routine'>,628318530717.9586,1.0,1000000.0,0.95,0.0001,5e-05,2.9188279660238386e-17,[1 1 29 24.144816264183838]
<class 'key_rate_optimization.tgs_a_routine'>,628318530717.9586,1.0,1000000.0,0.96,1e-06,5e-05,720.2674253926982,[5 29 6 647.2070274840462]
<class 'key_rate_optimization.tgs_a_routine'>,628318530717.9586,1.0,1000000.0,0.96,3.162277660168379e-06,5e-05,698.1298262875664,[5 29 6 648.2194056863846]
<class 'key_rate_optimization.tgs_a_routine'>,628318530717.9586,1.0,1000000.0,0.96,1e-05,5e-05,630.5268694933199,[5 29 6 651.4564575212368]
<class 'key_rate_optimization.tgs_a_routine'>,628318530717.9586,1.0,1000000.0,0.96,3.1622776601683795e-05,5e-05,440.3482109456499,[4 29 6 646.6793848603922]
<class 'key_rate_optimization.tgs_a_routine'>,628318530717.9586,1.0,1000000.0,0.96,0.0001,5e-05,3.882587256789265e-17,[1 1 29 24.30220397951342]
<class 'key_rate_optimization.tgs_a_routine'>,628318530717.9586,1.0,1000000.0,0.97,1e-06,5e-05,913.836392158931,[4 27 6 612.5235685396095]
<class 'key_rate_optimization.tgs_a_routine'>,628318530717.9586,1.0,1000000.0,0.97,3.162277660168379e-06,5e-05,890.5448797725363,[4 27 6 613.051878354455]
<class 'key_rate_optimization.tgs_a_routine'>,628318530717.9586,1.0,1000000.0,0.97,1e-05,5e-05,819.2142537966538,[4 27 6 614.7193480238267]
<class 'key_rate_optimization.tgs_a_routine'>,628318530717.9586,1.0,1000000.0,0.97,3.1622776601683795e-05,5e-05,618.4707221087945,[4 29 6 587.9729496499383]
<class 'key_rate_optimization.tgs_a_routine'>,628318530717.9586,1.0,1000000.0,0.97,0.0001,5e-05,5.1509098478989036e-17,[1 1 29 24.473724316925082]
<class 'key_rate_optimization.tgs_a_routine'>,628318530717.9586,1.0,1000000.0,0.98,1e-06,5e-05,1157.6460861948801,[4 25 6 587.9319909192025]
<class 'key_rate_optimization.tgs_a_routine'>,628318530717.9586,1.0,1000000.0,0.98,3.162277660168379e-06,5e-05,1119.9218455165956,[4 18 5 632.6542811228975]
<class 'key_rate_optimization.tgs_a_routine'>,628318530717.9586,1.0,1000000.0,0.98,1e-05,5e-05,1049.6039681738966,[4 26 6 573.1599380325488]
<class 'key_rate_optimization.tgs_a_routine'>,628318530717.9586,1.0,1000000.0,0.98,3.1622776601683795e-05,5e-05,820.7840613758506,[4 27 6 563.6250327132179]
<class 'key_rate_optimization.tgs_a_routine'>,628318530717.9586,1.0,1000000.0,0.98,0.0001,5e-05,269.08790109823644,[4 29 6 554.3506546015086]
<class 'key_rate_optimization.tgs_a_routine'>,628318530717.9586,1.0,1000000.0,0.99,1e-06,5e-05,1490.3076999465152,[4 17 5 601.8079568151368]
<class 'key_rate_optimization.tgs_a_routine'>,628318530717.9586,1.0,1000000.0,0.99,3.162277660168379e-06,5e-05,1448.5184412155832,[4 17 5 602.3131814187743]
<class 'key_rate_optimization.tgs_a_routine'>,628318530717.9586,1.0,1000000.0,0.99,1e-05,5e-05,1320.5931252171313,[4 17 5 603.9212151748409]
<class 'key_rate_optimization.tgs_a_routine'>,628318530717.9586,1.0,1000000.0,0.99,3.1622776601683795e-05,5e-05,1047.1562459843406,[4 26 6 528.4524126212051]
<class 'key_rate_optimization.tgs_a_routine'>,628318530717.9586,1.0,1000000.0,0.99,0.0001,5e-05,433.8014783643286,[4 29 6 509.6391615057314]
<class 'key_rate_optimization.tgs_f_routine'>,12566370614.359173,0.013,1000000.0,0.95,1e-06,5e-05,2.328630676759264,[3 19 5 879.2046646760981]
<class 'key_rate_optimization.tgs_f_routine'>,12566370614.359173,0.013,1000000.0,0.95,3.162277660168379e-06,5e-05,2.021003248021052,[3 19 5 869.9003832905502]
<class 'key_rate_optimization.tgs_f_routine'>,12566370614.359173,0.013,1000000.0,0.95,1e-05,5e-05,1.1253468917790677,[3 20 5 811.3834615607259]
<class 'key_rate_optimization.tgs_f_routine'>,12566370614.359173,0.013,1000000.0,0.95,3.1622776601683795e-05,5e-05,8.62436392802957e-07,[2 18 5 510.69539116574765]
<class 'key_rate_optimization.tgs_f_routine'>,12566370614.359173,0.013,1000000.0,0.95,0.0001,5e-05,4.2604175315128606e-17,[1 1 29 24.10351041515736]
<class 'key_rate_optimization.tgs_f_routine'>,12566370614.359173,0.013,1000000.0,0.96,1e-06,5e-05,11.68479200917337,[3 18 5 888.5403685608277]
<class 'key_rate_optimization.tgs_f_routine'>,12566370614.359173,0.013,1000000.0,0.96,3.162277660168379e-06,5e-05,10.548764062211323,[3 18 5 882.0334800111693]
<class 'key_rate_optimization.tgs_f_routine'>,12566370614.359173,0.013,1000000.0,0.96,1e-05,5e-05,7.164621230814811,[3 18 5 856.2890808451456]
<class 'key_rate_optimization.tgs_f_routine'>,12566370614.359173,0.013,1000000.0,0.96,3.1622776601683795e-05,5e-05,1.2534278848010235e-05,[2 17 5 527.7126820880208]
<class 'key_rate_optimization.tgs_f_routine'>,12566370614.359173,0.013,1000000.0,0.96,0.0001,5e-05,5.66465631799864e-17,[1 1 29 24.259634480145465]
<class 'key_rate_optimization.tgs_f_routine'>,12566370614.359173,0.013,1000000.0,0.97,1e-06,5e-05,49.762855645894874,[4 19 5 996.7469923718895]
<class 'key_rate_optimization.tgs_f_routine'>,12566370614.359173,0.013,1000000.0,0.97,3.162277660168379e-06,5e-05,39.83668480063357,[4 19 5 972.1980441248292]
<class 'key_rate_optimization.tgs_f_routine'>,12566370614.359173,0.013,1000000.0,0.97,1e-05,5e-05,29.746955754400346,[3 17 5 867.8469420542557]
<class 'key_rate_optimization.tgs_f_routine'>,12566370614.359173,0.013,1000000.0,0.97,3.1622776601683795e-05,5e-05,6.197528383550507,[3 19 5 731.9182322725354]
<class 'key_rate_optimization.tgs_f_routine'>,12566370614.359173,0.013,1000000.0,0.97,0.0001,5e-05,7.511778146339672e-17,[1 1 29 24.429724637213848]
<class 'key_rate_optimization.tgs_f_routine'>,12566370614.359173,0.013,1000000.0,0.98,1e-06,5e-05,167.75919736222514,[4 18 5 993.7987164493699]
<class 'key_rate_optimization.tgs_f_routine'>,12566370614.359173,0.013,1000000.0,0.98,3.162277660168379e-06,5e-05,146.8179929419523,[4 18 5 980.5838202912414]
<class 'key_rate_optimization.tgs_f_routine'>,12566370614.359173,0.013,1000000.0,0.98,1e-05,5e-05,91.75602125431436,[3 16 5 869.8435625608857]
<class 'key_rate_optimization.tgs_f_routine'>,12566370614.359173,0.013,1000000.0,0.98,3.1622776601683795e-05,5e-05,34.79759042063102,[3 18 5 762.1102330309625]
<class 'key_rate_optimization.tgs_f_routine'>,12566370614.359173,0.013,1000000.0,0.98,0.0001,5e-05,9.936918398167216e-17,[1 1 29 24.61634371901748]
<class 'key_rate_optimization.tgs_f_routine'>,12566370614.359173,0.013,1000000.0,0.99,1e-06,5e-05,396.4160574582211,[4 17 5 961.228641701469]
<class 'key_rate_optimization.tgs_f_routine'>,12566370614.359173,0.013,1000000.0,0.99,3.162277660168379e-06,5e-05,361.6786171018243,[4 17 5 954.1733586517674]
<class 'key_rate_optimization.tgs_f_routine'>,12566370614.359173,0.013,1000000.0,0.99,1e-05,5e-05,226.1551598523497,[3 16 5 831.7257297558077]
<class 'key_rate_optimization.tgs_f_routine'>,12566370614.359173,0.013,1000000.0,0.99,3.1622776601683795e-05,5e-05,74.07008359345264,[3 22 6 858.7967348159574]
<class 'key_rate_optimization.tgs_f_routine'>,12566370614.359173,0.013,1000000.0,0.99,0.0001,5e-05,1.3116002344971294e-16,[1 1 29 24.822788518120664]
<class 'key_rate_optimization.tgs_f_routine'>,628318530717.9586,4e-06,1000000.0,0.95,1e-06,5e-05,50281.110697887554,[5 29 6 560.475640030245]
<class 'key_rate_optimization.tgs_f_routine'>,628318530717.9586,4e-06,1000000.0,0.95,3.162277660168379e-06,5e-05,48775.36039844509,[5 29 6 561.3605336613346]
<class 'key_rate_optimization.tgs_f_routine'>,628318530717.9586,4e-06,1000000.0,0.95,1e-05,5e-05,44121.7218757679,[5 29 6 564.196797352938]
<class 'key_rate_optimization.tgs_f_routine'>,628318530717.9586,4e-06,1000000.0,0.95,3.1622776601683795e-05,5e-05,30379.520995137897,[5 29 6 573.5997274344172]
<class 'key_rate_optimization.tgs_f_routine'>,628318530717.9586,4e-06,1000000.0,0.95,0.0001,5e-05,1.9120916479219317e-15,[1 1 29 24.099933733739253]
<class 'key_rate_optimization.tgs_f_routine'>,628318530717.9586,4e-06,1000000.0,0.96,1e-06,5e-05,64404.62900343417,[5 29 6 509.2905929331812]
<class 'key_rate_optimization.tgs_f_routine'>,628318530717.9586,4e-06,1000000.0,0.96,3.162277660168379e-06,5e-05,62811.74783443794,[5 29 6 510.1140675345775]
<class 'key_rate_optimization.tgs_f_routine'>,628318530717.9586,4e-06,1000000.0,0.96,1e-05,5e-05,57883.931792820746,[5 29 6 512.7353949734476]
<class 'key_rate_optimization.tgs_f_routine'>,628318530717.9586,4e-06,1000000.0,0.96,3.1622776601683795e-05,5e-05,43286.32183973266,[5 29 6 521.2398237324091]
<class 'key_rate_optimization.tgs_f_routine'>,628318530717.9586,4e-06,1000000.0,0.96,0.0001,5e-05,2.5421512628593272e-15,[1 1 29 24.256346319284294]
<class 'key_rate_optimization.tgs_f_routine'>,628318530717.9586,4e-06,1000000.0,0.97,1e-06,5e-05,79046.85328874047,[5 29 6 465.9262350005001]
<class 'key_rate_optimization.tgs_f_routine'>,628318530717.9586,4e-06,1000000.0,0.97,3.162277660168379e-06,5e-05,77381.55643115926,[5 29 6 466.67466219529865]
<class 'key_rate_optimization.tgs_f_routine'>,628318530717.9586,4e-06,1000000.0,0.97,1e-05,5e-05,72225.49337819214,[5 29 6 469.0463128431892]
<class 'key_rate_optimization.tgs_f_routine'>,628318530717.9586,4e-06,1000000.0,0.97,3.1622776601683795e-05,5e-05,56912.154838423485,[5 29 6 476.6228888787597]
<class 'key_rate_optimization.tgs_f_routine'>,628318530717.9586,4e-06,1000000.0,0.97,0.0001,5e-05,18043.3990226378,[4 29 6 484.60877125645555]
<class 'key_rate_optimization.tgs_f_routine'>,628318530717.9586,4e-06,1000000.0,0.98,1e-06,5e-05,94052.72534832524,[5 29 6 428.98273026588436]
<class 'key_rate_optimization.tgs_f_routine'>,628318530717.9586,4e-06,1000000.0,0.98,3.162277660168379e-06,5e-05,92326.70502706783,[5 29 6 429.6569986934607]
<class 'key_rate_optimization.tgs_f_routine'>,628318530717.9586,4e-06,1000000.0,0.98,1e-05,5e-05,86978.94427217093,[5 29 6 431.78658170131223]
<class 'key_rate_optimization.tgs_f_routine'>,628318530717.9586,4e-06,1000000.0,0.98,3.1622776601683795e-05,5e-05,71061.6480487808,[5 29 6 438.5123885935988]
<class 'key_rate_optimization.tgs_f_routine'>,628318530717.9586,4e-06,1000000.0,0.98,0.0001,5e-05,4.4589038931311175e-15,[1 1 29 24.61379676448581]
<class 'key_rate_optimization.tgs_f_routine'>,628318530717.9586,4e-06,1000000.0,0.99,1e-06,5e-05,110211.1956532221,[4 26 6 435.1699603342219]
<class 'key_rate_optimization.tgs_f_routine'>,628318530717.9586,4e-06,1000000.0,0.99,3.162277660168379e-06,5e-05,108609.13924437402,[4 25 6 448.46243102826816]
<class 'key_rate_optimization.tgs_f_routine'>,628318530717.9586,4e-06,1000000.0,0.99,1e-05,5e-05,102817.35244508974,[4 25 6 449.8673162865106]
<class 'key_rate_optimization.tgs_f_routine'>,628318530717.9586,4e-06,1000000.0,0.99,3.1622776601683795e-05,5e-05,86132.06029314821,[4 27 6 428.9555410876943]
<class 'key_rate_optimization.tgs_f_routine'>,628318530717.9586,4e-06,1000000.0,0.99,0.0001,5e-05,38733.98025318466,[4 29 7 492.93802669476605]
<class 'key_rate_optimization.tgs_f_routine'>,1068141502.2205297,1.0,1000000.0,0.95,1e-06,5e-05,3.2503523078446286e-18,[1 1 29 24.201889046655342]
<class 'key_rate_optimization.tgs_f_routine'>,1068141502.2205297,1.0,1000000.0,0.95,3.162277660168379e-06,5e-05,3.247823557457722e-18,[1 1 29 24.200580252187446]
<class 'key_rate_optimization.tgs_f_routine'>,1068141502.2205297,1.0,1000000.0,0.95,1e-05,5e-05,3.240146519688888e-18,[1 1 29 24.196422173966145]
<class 'key_rate_optimization.tgs_f_routine'>,1068141502.2205297,1.0,1000000.0,0.95,3.1622776601683795e-05,5e-05,3.218201492603843e-18,[1 1 29 24.18314985093153]
<class 'key_rate_optimization.tgs_f_routine'>,1068141502.2205297,1.0,1000000.0,0.95,0.0001,5e-05,3.1611575758185603e-18,[1 1 29 24.140651800711556]
<class 'key_rate_optimization.tgs_f_routine'>,1068141502.2205297,1.0,1000000.0,0.96,1e-06,5e-05,4.328814678480199e-18,[1 1 29 24.35494017971975]
<class 'key_rate_optimization.tgs_f_routine'>,1068141502.2205297,1.0,1000000.0,0.96,3.162277660168379e-06,5e-05,4.325401791335535e-18,[1 1 29 24.353611975299877]
<class 'key_rate_optimization.tgs_f_routine'>,1068141502.2205297,1.0,1000000.0,0.96,1e-05,5e-05,4.315031969657676e-18,[1 1 29 24.34939184007533]
<class 'key_rate_optimization.tgs_f_routine'>,1068141502.2205297,1.0,1000000.0,0.96,3.1622776601683795e-05,5e-05,4.285326769840104e-18,[1 1 29 24.33592070587797]
<class 'key_rate_optimization.tgs_f_routine'>,1068141502.2205297,1.0,1000000.0,0.96,0.0001,5e-05,4.20777554441721e-18,[1 1 29 24.292797237106086]
<class 'key_rate_optimization.tgs_f_routine'>,1068141502.2205297,1.0,1000000.0,0.97,1e-06,5e-05,5.749460358944431e-18,[1 1 29 24.52147598814254]
<class 'key_rate_optimization.tgs_f_routine'>,1068141502.2205297,1.0,1000000.0,0.97,3.162277660168379e-06,5e-05,5.7448677633775264e-18,[1 1 29 24.520119925476894]
<class 'key_rate_optimization.tgs_f_routine'>,1068141502.2205297,1.0,1000000.0,0.97,1e-05,5e-05,5.7309022072577506e-18,[1 1 29 24.515811203456604]
<class 'key_rate_optimization.tgs_f_routine'>,1068141502.2205297,1.0,1000000.0,0.97,3.1622776601683795e-05,5e-05,5.690814944739225e-18,[1 1 29 24.502058354658665]
<class 'key_rate_optimization.tgs_f_routine'>,1068141502.2205297,1.0,1000000.0,0.97,0.0001,5e-05,5.585724529394055e-18,[1 1 29 24.45805513047972]
<class 'key_rate_optimization.tgs_f_routine'>,1068141502.2205297,1.0,1000000.0,0.98,1e-06,5e-05,7.617195936611352e-18,[1 1 29 24.703914581426925]
<class 'key_rate_optimization.tgs_f_routine'>,1068141502.2205297,1.0,1000000.0,0.98,3.162277660168379e-06,5e-05,8.3537914363361e-12,[1 1 23 1.0169100207807147]
<class 'key_rate_optimization.tgs_f_routine'>,1068141502.2205297,1.0,1000000.0,0.98,1e-05,5e-05,7.592273316963232e-18,[1 1 29 24.698089221080295]
<class 'key_rate_optimization.tgs_f_routine'>,1068141502.2205297,1.0,1000000.0,0.98,3.1622776601683795e-05,5e-05,7.53832091382005e-18,[1 1 29 24.683949106238753]
<class 'key_rate_optimization.tgs_f_routine'>,1068141502.2205297,1.0,1000000.0,0.98,0.0001,5e-05,7.396317617788826e-18,[1 1 29 24.63874504693717]
<class 'key_rate_optimization.tgs_f_routine'>,1068141502.2205297,1.0,1000000.0,0.99,1e-06,5e-05,1.006866502185917e-17,[1 1 29 24.90535417282083]
<class 'key_rate_optimization.tgs_f_routine'>,1068141502.2205297,1.0,1000000.0,0.99,3.162277660168379e-06,5e-05,1.0060410540048468e-17,[1 1 29 24.903906961246943]
<class 'key_rate_optimization.tgs_f_routine'>,1068141502.2205297,1.0,1000000.0,0.99,1e-05,5e-05,1.003527044824862e-17,[1 1 29 24.899309634267357]
<class 'key_rate_optimization.tgs_f_routine'>,1068141502.2205297,1.0,1000000.0,0.99,3.1622776601683795e-05,5e-05,9.962824139668319e-18,[1 1 29 24.884646581918112]
<class 'key_rate_optimization.tgs_f_routine'>,1068141502.2205297,1.0,1000000.0,0.99,0.0001,5e-05,9.771408469188011e-18,[1 1 29 24.83782705991215]
<class 'key_rate_optimization.tgs_f_routine'>,628318530717.9586,1.0,1000000.0,0.95,1e-06,5e-05,79611.81939244301,[5 29 6 547.9583607069025]
<class 'key_rate_optimization.tgs_f_routine'>,628318530717.9586,1.0,1000000.0,0.95,3.162277660168379e-06,5e-05,77720.06683611627,[5 29 6 548.7924428413259]
<class 'key_rate_optimization.tgs_f_routine'>,628318530717.9586,1.0,1000000.0,0.95,1e-05,5e-05,71930.10620553572,[5 29 6 551.4321781860466]
<class 'key_rate_optimization.tgs_f_routine'>,628318530717.9586,1.0,1000000.0,0.95,3.1622776601683795e-05,5e-05,55210.30618177405,[5 29 6 559.9316434506668]
<class 'key_rate_optimization.tgs_f_routine'>,628318530717.9586,1.0,1000000.0,0.95,0.0001,5e-05,1.9277390902134798e-15,[1 1 29 24.10020373244503]
<class 'key_rate_optimization.tgs_f_routine'>,628318530717.9586,1.0,1000000.0,0.96,1e-06,5e-05,95548.14087081862,[5 29 6 497.0324897599809]
<class 'key_rate_optimization.tgs_f_routine'>,628318530717.9586,1.0,1000000.0,0.96,3.162277660168379e-06,5e-05,93561.25536394777,[5 29 6 497.84070881486036]
<class 'key_rate_optimization.tgs_f_routine'>,628318530717.9586,1.0,1000000.0,0.96,1e-05,5e-05,87473.54665744206,[5 29 6 500.3884910639658]
<class 'key_rate_optimization.tgs_f_routine'>,628318530717.9586,1.0,1000000.0,0.96,3.1622776601683795e-05,5e-05,69837.99322379916,[5 29 6 508.4632034504796]
<class 'key_rate_optimization.tgs_f_routine'>,628318530717.9586,1.0,1000000.0,0.96,0.0001,5e-05,2.5628655278193792e-15,[1 1 29 24.256704927902245]
<class 'key_rate_optimization.tgs_f_routine'>,628318530717.9586,1.0,1000000.0,0.97,1e-06,5e-05,111777.50400341973,[5 28 6 468.0227838364835]
<class 'key_rate_optimization.tgs_f_routine'>,628318530717.9586,1.0,1000000.0,0.97,3.162277660168379e-06,5e-05,109685.52951574409,[5 29 6 455.1227283095182]
<class 'key_rate_optimization.tgs_f_routine'>,628318530717.9586,1.0,1000000.0,0.97,1e-05,5e-05,103173.08327101072,[5 28 6 471.3558194119056]
<class 'key_rate_optimization.tgs_f_routine'>,628318530717.9586,1.0,1000000.0,0.97,3.1622776601683795e-05,5e-05,84955.58274049725,[5 29 6 464.9651715470666]
<class 'key_rate_optimization.tgs_f_routine'>,628318530717.9586,1.0,1000000.0,0.97,0.0001,5e-05,3.398237460304223e-15,[1 1 29 24.427256693021807]
<class 'key_rate_optimization.tgs_f_routine'>,628318530717.9586,1.0,1000000.0,0.98,1e-06,5e-05,127503.01788527693,[4 17 5 569.1849150100178]
<class 'key_rate_optimization.tgs_f_routine'>,628318530717.9586,1.0,1000000.0,0.98,3.162277660168379e-06,5e-05,124290.9088039632,[4 17 5 569.6266693499517]
<class 'key_rate_optimization.tgs_f_routine'>,628318530717.9586,1.0,1000000.0,0.98,1e-05,5e-05,119799.06710791602,[5 28 6 432.8983012728416]
<class 'key_rate_optimization.tgs_f_routine'>,628318530717.9586,1.0,1000000.0,0.98,3.1622776601683795e-05,5e-05,100414.0289492132,[5 29 6 427.9672221950724]
<class 'key_rate_optimization.tgs_f_routine'>,628318530717.9586,1.0,1000000.0,0.98,0.0001,5e-05,51195.85863269671,[5 29 6 449.26782059223706]
<class 'key_rate_optimization.tgs_f_routine'>,628318530717.9586,1.0,1000000.0,0.99,1e-06,5e-05,156819.84160000435,[4 17 5 519.901400365719]
<class 'key_rate_optimization.tgs_f_routine'>,628318530717.9586,1.0,1000000.0,0.99,3.162277660168379e-06,5e-05,153376.71325216544,[4 17 5 520.4482276813009]
<class 'key_rate_optimization.tgs_f_routine'>,628318530717.9586,1.0,1000000.0,0.99,1e-05,5e-05,142813.31792707412,[4 17 5 522.1763746135119]
<class 'key_rate_optimization.tgs_f_routine'>,628318530717.9586,1.0,1000000.0,0.99,3.1622776601683795e-05,5e-05,118384.54493543254,[4 24 6 462.19056934090764]
<class 'key_rate_optimization.tgs_f_routine'>,628318530717.9586,1.0,1000000.0,0.99,0.0001,5e-05,66213.70287082133,[4 28 6 424.16154578364734]
<class 'key_rate_optimization.rgs_a_routine'>,12566370614.359173,0.013,1000000.0,0.95,1e-06,5e-05,31.457348464399157,[29 7 32 469.63987403364035]
<class 'key_rate_optimization.rgs_a_routine'>,12566370614.359173,0.013,1000000.0,0.95,3.162277660168379e-06,5e-05,28.5073478437284,[29 7 32 465.3727514656276]
<class 'key_rate_optimization.rgs_a_routine'>,12566370614.359173,0.013,1000000.0,0.95,1e-05,5e-05,19.760842923828847,[29 7 32 450.03088720073697]
<class 'key_rate_optimization.rgs_a_routine'>,12566370614.359173,0.013,1000000.0,0.95,3.1622776601683795e-05,5e-05,1.5270563737815173e-20,[29 6 8 176.62669006422493]
<class 'key_rate_optimization.rgs_a_routine'>,12566370614.359173,0.013,1000000.0,0.95,0.0001,5e-05,0.0,
<class 'key_rate_optimization.rgs_a_routine'>,12566370614.359173,0.013,1000000.0,0.96,1e-06,5e-05,60.881166738229034,[29 7 32 421.61675139558366]
<class 'key_rate_optimization.rgs_a_routine'>,12566370614.359173,0.013,1000000.0,0.96,3.162277660168379e-06,5e-05,56.84478752080092,[29 7 32 419.6762741002654]
<class 'key_rate_optimization.rgs_a_routine'>,12566370614.359173,0.013,1000000.0,0.96,1e-05,5e-05,44.67979997613131,[29 7 32 412.8988665938449]
<class 'key_rate_optimization.rgs_a_routine'>,12566370614.359173,0.013,1000000.0,0.96,3.1622776601683795e-05,5e-05,1.4081678790341102e-27,[29 1 2 21.039794809835854]
<class 'key_rate_optimization.rgs_a_routine'>,12566370614.359173,0.013,1000000.0,0.96,0.0001,5e-05,0.0,
<class 'key_rate_optimization.rgs_a_routine'>,12566370614.359173,0.013,1000000.0,0.97,1e-06,5e-05,98.19051514756747,[28 7 32 386.17730654310014]
<class 'key_rate_optimization.rgs_a_routine'>,12566370614.359173,0.013,1000000.0,0.97,3.162277660168379e-06,5e-05,93.26288147398972,[28 7 32 385.2192184139617]
<class 'key_rate_optimization.rgs_a_routine'>,12566370614.359173,0.013,1000000.0,0.97,1e-05,5e-05,78.30257372369684,[28 7 32 381.93634065351137]
<class 'key_rate_optimization.rgs_a_routine'>,12566370614.359173,0.013,1000000.0,0.97,3.1622776601683795e-05,5e-05,37.03756437767367,[28 7 30 367.2328107027373]
<class 'key_rate_optimization.rgs_a_routine'>,12566370614.359173,0.013,1000000.0,0.97,0.0001,5e-05,0.0,
<class 'key_rate_optimization.rgs_a_routine'>,12566370614.359173,0.013,1000000.0,0.98,1e-06,5e-05,142.84930921016525,[27 7 32 353.7545560265255]
<class 'key_rate_optimization.rgs_a_routine'>,12566370614.359173,0.013,1000000.0,0.98,3.162277660168379e-06,5e-05,137.14248465668095,[27 7 32 353.29771102804966]
<class 'key_rate_optimization.rgs_a_routine'>,12566370614.359173,0.013,1000000.0,0.98,1e-05,5e-05,119.7394416720552,[27 7 32 351.7460058489561]
<class 'key_rate_optimization.rgs_a_routine'>,12566370614.359173,0.013,1000000.0,0.98,3.1622776601683795e-05,5e-05,70.26666670056825,[27 7 30 344.7754258104639]
<class 'key_rate_optimization.rgs_a_routine'>,12566370614.359173,0.013,1000000.0,0.98,0.0001,5e-05,3.299412375862878e-27,[29 1 2 21.153637462099578]
<class 'key_rate_optimization.rgs_a_routine'>,12566370614.359173,0.013,1000000.0,0.99,1e-06,5e-05,193.79621668934143,[26 7 32 325.2442775538851]
<class 'key_rate_optimization.rgs_a_routine'>,12566370614.359173,0.013,1000000.0,0.99,3.162277660168379e-06,5e-05,187.40494815975742,[26 7 32 325.04717814770464]
<class 'key_rate_optimization.rgs_a_routine'>,12566370614.359173,0.013,1000000.0,0.99,1e-05,5e-05,167.85518897234618,[26 7 32 324.3758989155457]
<class 'key_rate_optimization.rgs_a_routine'>,12566370614.359173,0.013,1000000.0,0.99,3.1622776601683795e-05,5e-05,111.65899377706013,[26 7 32 321.6969410604501]
<class 'key_rate_optimization.rgs_a_routine'>,12566370614.359173,0.013,1000000.0,0.99,0.0001,5e-05,0.0,
<class 'key_rate_optimization.rgs_a_routine'>,628318530717.9586,4e-06,1000000.0,0.95,1e-06,5e-05,0.0,
<class 'key_rate_optimization.rgs_a_routine'>,628318530717.9586,4e-06,1000000.0,0.95,3.162277660168379e-06,5e-05,0.0,
<class 'key_rate_optimization.rgs_a_routine'>,628318530717.9586,4e-06,1000000.0,0.95,1e-05,5e-05,0.0,
<class 'key_rate_optimization.rgs_a_routine'>,628318530717.9586,4e-06,1000000.0,0.95,3.1622776601683795e-05,5e-05,0.0,
<class 'key_rate_optimization.rgs_a_routine'>,628318530717.9586,4e-06,1000000.0,0.95,0.0001,5e-05,0.0,
<class 'key_rate_optimization.rgs_a_routine'>,628318530717.9586,4e-06,1000000.0,0.96,1e-06,5e-05,0.0,
<class 'key_rate_optimization.rgs_a_routine'>,628318530717.9586,4e-06,1000000.0,0.96,3.162277660168379e-06,5e-05,0.0,
<class 'key_rate_optimization.rgs_a_routine'>,628318530717.9586,4e-06,1000000.0,0.96,1e-05,5e-05,0.0,
<class 'key_rate_optimization.rgs_a_routine'>,628318530717.9586,4e-06,1000000.0,0.96,3.1622776601683795e-05,5e-05,0.0,
<class 'key_rate_optimization.rgs_a_routine'>,628318530717.9586,4e-06,1000000.0,0.96,0.0001,5e-05,0.0,
<class 'key_rate_optimization.rgs_a_routine'>,628318530717.9586,4e-06,1000000.0,0.97,1e-06,5e-05,0.0,
<class 'key_rate_optimization.rgs_a_routine'>,628318530717.9586,4e-06,1000000.0,0.97,3.162277660168379e-06,5e-05,0.0,
<class 'key_rate_optimization.rgs_a_routine'>,628318530717.9586,4e-06,1000000.0,0.97,1e-05,5e-05,0.0,
<class 'key_rate_optimization.rgs_a_routine'>,628318530717.9586,4e-06,1000000.0,0.97,3.1622776601683795e-05,5e-05,0.0,
<class 'key_rate_optimization.rgs_a_routine'>,628318530717.9586,4e-06,1000000.0,0.97,0.0001,5e-05,0.0,
<class 'key_rate_optimization.rgs_a_routine'>,628318530717.9586,4e-06,1000000.0,0.98,1e-06,5e-05,0.0,
<class 'key_rate_optimization.rgs_a_routine'>,628318530717.9586,4e-06,1000000.0,0.98,3.162277660168379e-06,5e-05,0.0,
<class 'key_rate_optimization.rgs_a_routine'>,628318530717.9586,4e-06,1000000.0,0.98,1e-05,5e-05,0.0,
<class 'key_rate_optimization.rgs_a_routine'>,628318530717.9586,4e-06,1000000.0,0.98,3.1622776601683795e-05,5e-05,0.0,
<class 'key_rate_optimization.rgs_a_routine'>,628318530717.9586,4e-06,1000000.0,0.98,0.0001,5e-05,0.0,
<class 'key_rate_optimization.rgs_a_routine'>,628318530717.9586,4e-06,1000000.0,0.99,1e-06,5e-05,0.0,
<class 'key_rate_optimization.rgs_a_routine'>,628318530717.9586,4e-06,1000000.0,0.99,3.162277660168379e-06,5e-05,0.0,
<class 'key_rate_optimization.rgs_a_routine'>,628318530717.9586,4e-06,1000000.0,0.99,1e-05,5e-05,0.0,
<class 'key_rate_optimization.rgs_a_routine'>,628318530717.9586,4e-06,1000000.0,0.99,3.1622776601683795e-05,5e-05,0.0,
<class 'key_rate_optimization.rgs_a_routine'>,628318530717.9586,4e-06,1000000.0,0.99,0.0001,5e-05,0.0,
<class 'key_rate_optimization.rgs_a_routine'>,1068141502.2205297,1.0,1000000.0,0.95,1e-06,5e-05,20.209043961662623,[29 7 32 491.39925939401184]
<class 'key_rate_optimization.rgs_a_routine'>,1068141502.2205297,1.0,1000000.0,0.95,3.162277660168379e-06,5e-05,18.001965542624305,[29 7 32 485.5898071199856]
<class 'key_rate_optimization.rgs_a_routine'>,1068141502.2205297,1.0,1000000.0,0.95,1e-05,5e-05,11.537801478798345,[29 7 32 464.41019735268713]
<class 'key_rate_optimization.rgs_a_routine'>,1068141502.2205297,1.0,1000000.0,0.95,3.1622776601683795e-05,5e-05,0.3641496352137769,[29 7 24 381.252779676644]
<class 'key_rate_optimization.rgs_a_routine'>,1068141502.2205297,1.0,1000000.0,0.95,0.0001,5e-05,0.0,
<class 'key_rate_optimization.rgs_a_routine'>,1068141502.2205297,1.0,1000000.0,0.96,1e-06,5e-05,43.000759107785385,[29 7 32 443.36073423565466]
<class 'key_rate_optimization.rgs_a_routine'>,1068141502.2205297,1.0,1000000.0,0.96,3.162277660168379e-06,5e-05,39.798668475774555,[29 7 32 440.6841107963218]
<class 'key_rate_optimization.rgs_a_routine'>,1068141502.2205297,1.0,1000000.0,0.96,1e-05,5e-05,30.195038755945195,[29 7 32 431.27463948903863]
<class 'key_rate_optimization.rgs_a_routine'>,1068141502.2205297,1.0,1000000.0,0.96,3.1622776601683795e-05,5e-05,1.2019295053120201e-27,[29 1 2 21.082933139718428]
<class 'key_rate_optimization.rgs_a_routine'>,1068141502.2205297,1.0,1000000.0,0.96,0.0001,5e-05,7.305379066945695e-28,[29 1 2 21.2821358156069]
<class 'key_rate_optimization.rgs_a_routine'>,1068141502.2205297,1.0,1000000.0,0.97,1e-06,5e-05,73.41720850054988,[28 7 32 405.9891321522479]
<class 'key_rate_optimization.rgs_a_routine'>,1068141502.2205297,1.0,1000000.0,0.97,3.162277660168379e-06,5e-05,69.38579418094008,[28 7 32 404.65608038750815]
<class 'key_rate_optimization.rgs_a_routine'>,1068141502.2205297,1.0,1000000.0,0.97,1e-05,5e-05,57.17769765355179,[28 7 32 400.0818414501539]
<class 'key_rate_optimization.rgs_a_routine'>,1068141502.2205297,1.0,1000000.0,0.97,3.1622776601683795e-05,5e-05,24.228416661474075,[28 7 30 379.7710736142831]
<class 'key_rate_optimization.rgs_a_routine'>,1068141502.2205297,1.0,1000000.0,0.97,0.0001,5e-05,1.4487892379443177e-27,[29 1 2 21.238907880910773]
<class 'key_rate_optimization.rgs_a_routine'>,1068141502.2205297,1.0,1000000.0,0.98,1e-06,5e-05,110.79861624775806,[27 7 32 370.99837754401733]
<class 'key_rate_optimization.rgs_a_routine'>,1068141502.2205297,1.0,1000000.0,0.98,3.162277660168379e-06,5e-05,106.04285208648753,[27 7 32 370.3448912416541]
<class 'key_rate_optimization.rgs_a_routine'>,1068141502.2205297,1.0,1000000.0,0.98,1e-05,5e-05,91.56278841324483,[27 7 32 368.12843162320905]
<class 'key_rate_optimization.rgs_a_routine'>,1068141502.2205297,1.0,1000000.0,0.98,3.1622776601683795e-05,5e-05,51.00987820024477,[27 7 30 358.40173992811145]
<class 'key_rate_optimization.rgs_a_routine'>,1068141502.2205297,1.0,1000000.0,0.98,0.0001,5e-05,2.8319532482085145e-27,[29 1 2 21.195727752024986]
<class 'key_rate_optimization.rgs_a_routine'>,1068141502.2205297,1.0,1000000.0,0.99,1e-06,5e-05,154.0998723260309,[26 7 32 339.9678673247058]
<class 'key_rate_optimization.rgs_a_routine'>,1068141502.2205297,1.0,1000000.0,0.99,3.162277660168379e-06,5e-05,148.71187521115255,[26 7 32 339.6638202981132]
<class 'key_rate_optimization.rgs_a_routine'>,1068141502.2205297,1.0,1000000.0,0.99,1e-05,5e-05,132.2484669738477,[26 7 32 338.63871685886454]
<class 'key_rate_optimization.rgs_a_routine'>,1068141502.2205297,1.0,1000000.0,0.99,3.1622776601683795e-05,5e-05,85.39994871719398,[26 7 30 334.14894313570545]
<class 'key_rate_optimization.rgs_a_routine'>,1068141502.2205297,1.0,1000000.0,0.99,0.0001,5e-05,5.458580887264948e-27,[29 1 2 21.152689577638448]
<class 'key_rate_optimization.rgs_a_routine'>,628318530717.9586,1.0,1000000.0,0.95,1e-06,5e-05,33.67774410374249,[29 7 32 469.16585507298066]
<class 'key_rate_optimization.rgs_a_routine'>,628318530717.9586,1.0,1000000.0,0.95,3.162277660168379e-06,5e-05,30.62033842041444,[29 7 32 465.090351303972]
<class 'key_rate_optimization.rgs_a_routine'>,628318530717.9586,1.0,1000000.0,0.95,1e-05,5e-05,21.54390350284546,[29 7 32 450.47701885264104]
<class 'key_rate_optimization.rgs_a_routine'>,628318530717.9586,1.0,1000000.0,0.95,3.1622776601683795e-05,5e-05,2.1073810825672665,[29 7 26 387.3622301515415]
<class 'key_rate_optimization.rgs_a_routine'>,628318530717.9586,1.0,1000000.0,0.95,0.0001,5e-05,4.332579737161217e-28,[29 1 2 21.279292229002767]
<class 'key_rate_optimization.rgs_a_routine'>,628318530717.9586,1.0,1000000.0,0.96,1e-06,5e-05,64.15148255036927,[29 7 32 420.4887614088959]
<class 'key_rate_optimization.rgs_a_routine'>,628318530717.9586,1.0,1000000.0,0.96,3.162277660168379e-06,5e-05,59.99655051540989,[29 7 32 418.63149386693357]
<class 'key_rate_optimization.rgs_a_routine'>,628318530717.9586,1.0,1000000.0,0.96,1e-05,5e-05,47.47121755945203,[29 7 32 412.1575451264623]
<class 'key_rate_optimization.rgs_a_routine'>,628318530717.9586,1.0,1000000.0,0.96,3.1622776601683795e-05,5e-05,14.725234796375254,[29 7 30 382.1663406452156]
<class 'key_rate_optimization.rgs_a_routine'>,628318530717.9586,1.0,1000000.0,0.96,0.0001,5e-05,4.073696003199393e-70,[11 2 2 1495.9236174445043]
<class 'key_rate_optimization.rgs_a_routine'>,628318530717.9586,1.0,1000000.0,0.97,1e-06,5e-05,102.49377533858113,[28 7 32 384.91917745117735]
<class 'key_rate_optimization.rgs_a_routine'>,628318530717.9586,1.0,1000000.0,0.97,3.162277660168379e-06,5e-05,97.43902578618723,[28 7 32 384.0010041277124]
<class 'key_rate_optimization.rgs_a_routine'>,628318530717.9586,1.0,1000000.0,0.97,1e-05,5e-05,82.09326395248445,[28 7 32 380.8611181057518]
<class 'key_rate_optimization.rgs_a_routine'>,628318530717.9586,1.0,1000000.0,0.97,3.1622776601683795e-05,5e-05,39.21787285443928,[27 7 30 375.3801615421566]
<class 'key_rate_optimization.rgs_a_routine'>,628318530717.9586,1.0,1000000.0,0.97,0.0001,5e-05,0.0,
<class 'key_rate_optimization.rgs_a_routine'>,628318530717.9586,1.0,1000000.0,0.98,1e-06,5e-05,148.2009191323055,[27 7 32 352.5439479532232]
<class 'key_rate_optimization.rgs_a_routine'>,628318530717.9586,1.0,1000000.0,0.98,3.162277660168379e-06,5e-05,142.3593262271319,[27 7 32 352.10790522188927]
<class 'key_rate_optimization.rgs_a_routine'>,628318530717.9586,1.0,1000000.0,0.98,1e-05,5e-05,124.54765949453775,[27 7 32 350.62735668976353]
<class 'key_rate_optimization.rgs_a_routine'>,628318530717.9586,1.0,1000000.0,0.98,3.1622776601683795e-05,5e-05,73.85016496342598,[27 7 32 344.64819481173885]
<class 'key_rate_optimization.rgs_a_routine'>,628318530717.9586,1.0,1000000.0,0.98,0.0001,5e-05,0.0,
<class 'key_rate_optimization.rgs_a_routine'>,628318530717.9586,1.0,1000000.0,0.99,1e-06,5e-05,200.2135236574798,[26 7 32 324.1495566654001]
<class 'key_rate_optimization.rgs_a_routine'>,628318530717.9586,1.0,1000000.0,0.99,3.162277660168379e-06,5e-05,193.68036432010817,[26 7 32 323.96414462186465]
<class 'key_rate_optimization.rgs_a_routine'>,628318530717.9586,1.0,1000000.0,0.99,1e-05,5e-05,173.70010035648647,[26 7 32 323.3289999697734]
<class 'key_rate_optimization.rgs_a_routine'>,628318530717.9586,1.0,1000000.0,0.99,3.1622776601683795e-05,5e-05,116.2841348824108,[26 7 32 320.79428224154066]
<class 'key_rate_optimization.rgs_a_routine'>,628318530717.9586,1.0,1000000.0,0.99,0.0001,5e-05,0.0,
<class 'key_rate_optimization.rgs_f_routine'>,12566370614.359173,0.013,1000000.0,0.95,1e-06,5e-05,1.1761460019461555e-27,[29 1 2 21.454848355335002]
<class 'key_rate_optimization.rgs_f_routine'>,12566370614.359173,0.013,1000000.0,0.95,3.162277660168379e-06,5e-05,1.1579387807042113e-27,[29 1 2 21.459451270430254]
<class 'key_rate_optimization.rgs_f_routine'>,12566370614.359173,0.013,1000000.0,0.95,1e-05,5e-05,1.1045110740936544e-27,[29 1 2 21.473020130504054]
<class 'key_rate_optimization.rgs_f_routine'>,12566370614.359173,0.013,1000000.0,0.95,3.1622776601683795e-05,5e-05,9.580468195102987e-28,[29 1 2 21.514870887102255]
<class 'key_rate_optimization.rgs_f_routine'>,12566370614.359173,0.013,1000000.0,0.95,0.0001,5e-05,6.856251977354345e-147,[9 1 2 328.9873654245628]
<class 'key_rate_optimization.rgs_f_routine'>,12566370614.359173,0.013,1000000.0,0.96,1e-06,5e-05,2.3885222747471237e-27,[29 1 2 21.41474730212281]
<class 'key_rate_optimization.rgs_f_routine'>,12566370614.359173,0.013,1000000.0,0.96,3.162277660168379e-06,5e-05,2.3518888467352187e-27,[29 1 2 21.419365346473267]
<class 'key_rate_optimization.rgs_f_routine'>,12566370614.359173,0.013,1000000.0,0.96,1e-05,5e-05,2.2443723146399644e-27,[29 1 2 21.43298029422185]
<class 'key_rate_optimization.rgs_f_routine'>,12566370614.359173,0.013,1000000.0,0.96,3.1622776601683795e-05,5e-05,1.9495671883753116e-27,[29 1 2 21.474936311219793]
<class 'key_rate_optimization.rgs_f_routine'>,12566370614.359173,0.013,1000000.0,0.96,0.0001,5e-05,0.0,
<class 'key_rate_optimization.rgs_f_routine'>,12566370614.359173,0.013,1000000.0,0.97,1e-06,5e-05,4.7820746893154015e-25,[18 5 8 223.906045468165]
<class 'key_rate_optimization.rgs_f_routine'>,12566370614.359173,0.013,1000000.0,0.97,3.162277660168379e-06,5e-05,2.7849168867843817e-25,[16 5 8 228.41228252913533]
<class 'key_rate_optimization.rgs_f_routine'>,12566370614.359173,0.013,1000000.0,0.97,1e-05,5e-05,4.492230428278375e-27,[29 1 2 21.392578552203112]
<class 'key_rate_optimization.rgs_f_routine'>,12566370614.359173,0.013,1000000.0,0.97,3.1622776601683795e-05,5e-05,3.9076762907654896e-27,[29 1 2 21.43465974390077]
<class 'key_rate_optimization.rgs_f_routine'>,12566370614.359173,0.013,1000000.0,0.97,0.0001,5e-05,0.0,
<class 'key_rate_optimization.rgs_f_routine'>,12566370614.359173,0.013,1000000.0,0.98,1e-06,5e-05,9.419060280824702e-27,[29 1 2 21.33355486910013]
<class 'key_rate_optimization.rgs_f_routine'>,12566370614.359173,0.013,1000000.0,0.98,3.162277660168379e-06,5e-05,3.2341699947644976e-22,[15 5 10 188.46263854694288]
<class 'key_rate_optimization.rgs_f_routine'>,12566370614.359173,0.013,1000000.0,0.98,1e-05,5e-05,1.4309563614211443e-25,[23 6 8 253.91809427633345]
<class 'key_rate_optimization.rgs_f_routine'>,12566370614.359173,0.013,1000000.0,0.98,3.1622776601683795e-05,5e-05,7.718418594897409e-27,[29 1 2 21.394154848525947]
<class 'key_rate_optimization.rgs_f_routine'>,12566370614.359173,0.013,1000000.0,0.98,0.0001,5e-05,4.046918964687724e-126,[4 9 2 880.677588575282]
<class 'key_rate_optimization.rgs_f_routine'>,12566370614.359173,0.013,1000000.0,0.99,1e-06,5e-05,1.6584429027196156e-18,[18 5 8 215.6832507973305]
<class 'key_rate_optimization.rgs_f_routine'>,12566370614.359173,0.013,1000000.0,0.99,3.162277660168379e-06,5e-05,7.414265116478524e-23,[22 5 6 155.82245173852903]
<class 'key_rate_optimization.rgs_f_routine'>,12566370614.359173,0.013,1000000.0,0.99,1e-05,5e-05,1.7231212882070805e-26,[29 1 2 21.311144689017492]
<class 'key_rate_optimization.rgs_f_routine'>,12566370614.359173,0.013,1000000.0,0.99,3.1622776601683795e-05,5e-05,1.5030078632075163e-26,[29 1 2 21.353530500993294]
<class 'key_rate_optimization.rgs_f_routine'>,12566370614.359173,0.013,1000000.0,0.99,0.0001,5e-05,9.405108448785565e-27,[29 1 2 21.544122985247313]
<class 'key_rate_optimization.rgs_f_routine'>,628318530717.9586,4e-06,1000000.0,0.95,1e-06,5e-05,2.3404624375155344e-135,[29 10 22 54.86275620264756]
<class 'key_rate_optimization.rgs_f_routine'>,628318530717.9586,4e-06,1000000.0,0.95,3.162277660168379e-06,5e-05,1024.843226528591,[29 8 30 401.76733976597046]
<class 'key_rate_optimization.rgs_f_routine'>,628318530717.9586,4e-06,1000000.0,0.95,1e-05,5e-05,122.83399501164777,[27 7 22 317.2987176754262]
<class 'key_rate_optimization.rgs_f_routine'>,628318530717.9586,4e-06,1000000.0,0.95,3.1622776601683795e-05,5e-05,0.0,
<class 'key_rate_optimization.rgs_f_routine'>,628318530717.9586,4e-06,1000000.0,0.95,0.0001,5e-05,0.0,
<class 'key_rate_optimization.rgs_f_routine'>,628318530717.9586,4e-06,1000000.0,0.96,1e-06,5e-05,2760.333367902913,[29 7 28 311.9102660230633]
<class 'key_rate_optimization.rgs_f_routine'>,628318530717.9586,4e-06,1000000.0,0.96,3.162277660168379e-06,5e-05,3364.6482253369622,[29 8 32 379.2336243945032]
<class 'key_rate_optimization.rgs_f_routine'>,628318530717.9586,4e-06,1000000.0,0.96,1e-05,5e-05,2483.5198436329465,[29 8 32 371.31076982244593]
<class 'key_rate_optimization.rgs_f_routine'>,628318530717.9586,4e-06,1000000.0,0.96,3.1622776601683795e-05,5e-05,272.6701873183449,[28 8 26 306.6990923363637]
<class 'key_rate_optimization.rgs_f_routine'>,628318530717.9586,4e-06,1000000.0,0.96,0.0001,5e-05,7.939855712240528e-31,[21 1 2 38.644095304127966]
<class 'key_rate_optimization.rgs_f_routine'>,628318530717.9586,4e-06,1000000.0,0.97,1e-06,5e-05,7188.431650239816,[29 8 32 347.36150057803235]
<class 'key_rate_optimization.rgs_f_routine'>,628318530717.9586,4e-06,1000000.0,0.97,3.162277660168379e-06,5e-05,6815.653381875508,[29 8 32 346.2708202874889]
<class 'key_rate_optimization.rgs_f_routine'>,628318530717.9586,4e-06,1000000.0,0.97,1e-05,5e-05,5670.025704290324,[29 8 32 342.59046391064527]
<class 'key_rate_optimization.rgs_f_routine'>,628318530717.9586,4e-06,1000000.0,0.97,3.1622776601683795e-05,5e-05,0.0,
<class 'key_rate_optimization.rgs_f_routine'>,628318530717.9586,4e-06,1000000.0,0.97,0.0001,5e-05,4.876260604001783e-52,[11 1 2 96.06032877326194]
<class 'key_rate_optimization.rgs_f_routine'>,628318530717.9586,4e-06,1000000.0,0.98,1e-06,5e-05,11517.396838047152,[29 8 32 314.3529129328233]
<class 'key_rate_optimization.rgs_f_routine'>,628318530717.9586,4e-06,1000000.0,0.98,3.162277660168379e-06,5e-05,9549.8268827875,[28 7 30 276.7229565148923]
<class 'key_rate_optimization.rgs_f_routine'>,628318530717.9586,4e-06,1000000.0,0.98,1e-05,5e-05,9718.162585637581,[29 8 32 311.98296998025484]
<class 'key_rate_optimization.rgs_f_routine'>,628318530717.9586,4e-06,1000000.0,0.98,3.1622776601683795e-05,5e-05,5728.3113906483695,[29 8 30 303.67955910170633]
<class 'key_rate_optimization.rgs_f_routine'>,628318530717.9586,4e-06,1000000.0,0.98,0.0001,5e-05,0.0,
<class 'key_rate_optimization.rgs_f_routine'>,628318530717.9586,4e-06,1000000.0,0.99,1e-06,5e-05,16423.660514901225,[29 8 32 285.0277140576647]
<class 'key_rate_optimization.rgs_f_routine'>,628318530717.9586,4e-06,1000000.0,0.99,3.162277660168379e-06,5e-05,15927.427664932276,[29 8 32 284.75034868573465]
<class 'key_rate_optimization.rgs_f_routine'>,628318530717.9586,4e-06,1000000.0,0.99,1e-05,5e-05,14390.144998709096,[29 8 32 283.83194500182856]
<class 'key_rate_optimization.rgs_f_routine'>,628318530717.9586,4e-06,1000000.0,0.99,3.1622776601683795e-05,5e-05,9824.297319750412,[29 8 32 280.45591677905776]
<class 'key_rate_optimization.rgs_f_routine'>,628318530717.9586,4e-06,1000000.0,0.99,0.0001,5e-05,8.880024653975498e-30,[25 1 2 38.689593711304056]
<class 'key_rate_optimization.rgs_f_routine'>,1068141502.2205297,1.0,1000000.0,0.95,1e-06,5e-05,8.423507715979343e-39,[20 1 2 30.891807178780756]
<class 'key_rate_optimization.rgs_f_routine'>,1068141502.2205297,1.0,1000000.0,0.95,3.162277660168379e-06,5e-05,8.31695634030113e-39,[20 1 2 30.89414090369379]
<class 'key_rate_optimization.rgs_f_routine'>,1068141502.2205297,1.0,1000000.0,0.95,1e-05,5e-05,7.996566923770986e-39,[20 1 2 30.900721855672536]
<class 'key_rate_optimization.rgs_f_routine'>,1068141502.2205297,1.0,1000000.0,0.95,3.1622776601683795e-05,5e-05,0.0,
<class 'key_rate_optimization.rgs_f_routine'>,1068141502.2205297,1.0,1000000.0,0.95,0.0001,5e-05,0.0,
<class 'key_rate_optimization.rgs_f_routine'>,1068141502.2205297,1.0,1000000.0,0.96,1e-06,5e-05,3.1507239985049243e-38,[19 1 2 31.194897008887366]
<class 'key_rate_optimization.rgs_f_routine'>,1068141502.2205297,1.0,1000000.0,0.96,3.162277660168379e-06,5e-05,3.1113646816526905e-38,[19 1 2 31.197214542516196]
<class 'key_rate_optimization.rgs_f_routine'>,1068141502.2205297,1.0,1000000.0,0.96,1e-05,5e-05,9.164842282333681e-259,[18 8 22 697.1803071471727]
<class 'key_rate_optimization.rgs_f_routine'>,1068141502.2205297,1.0,1000000.0,0.96,3.1622776601683795e-05,5e-05,2.6566601019705005e-38,[19 1 2 31.222019495753703]
<class 'key_rate_optimization.rgs_f_routine'>,1068141502.2205297,1.0,1000000.0,0.96,0.0001,5e-05,0.0,
<class 'key_rate_optimization.rgs_f_routine'>,1068141502.2205297,1.0,1000000.0,0.97,1e-06,5e-05,1.1553322511593043e-37,[19 1 2 31.43267508459034]
<class 'key_rate_optimization.rgs_f_routine'>,1068141502.2205297,1.0,1000000.0,0.97,3.162277660168379e-06,5e-05,1.141091403700799e-37,[19 1 2 31.434980699025903]
<class 'key_rate_optimization.rgs_f_routine'>,1068141502.2205297,1.0,1000000.0,0.97,1e-05,5e-05,1.0982115774056978e-37,[19 1 2 31.441519872647635]
<class 'key_rate_optimization.rgs_f_routine'>,1068141502.2205297,1.0,1000000.0,0.97,3.1622776601683795e-05,5e-05,9.763643767750637e-38,[19 1 2 31.459781413627724]
<class 'key_rate_optimization.rgs_f_routine'>,1068141502.2205297,1.0,1000000.0,0.97,0.0001,5e-05,6.530628731123835e-38,[19 1 2 31.536045662098598]
<class 'key_rate_optimization.rgs_f_routine'>,1068141502.2205297,1.0,1000000.0,0.98,1e-06,5e-05,4.146758050359861e-37,[19 1 2 31.658929838712112]
<class 'key_rate_optimization.rgs_f_routine'>,1068141502.2205297,1.0,1000000.0,0.98,3.162277660168379e-06,5e-05,4.068074203372397e-37,[20 1 2 31.605039489020083]
<class 'key_rate_optimization.rgs_f_routine'>,1068141502.2205297,1.0,1000000.0,0.98,1e-05,5e-05,3.944364057897552e-37,[19 1 2 31.66778302601352]
<class 'key_rate_optimization.rgs_f_routine'>,1068141502.2205297,1.0,1000000.0,0.98,3.1622776601683795e-05,5e-05,3.512200363164806e-37,[19 1 2 31.686131644799758]
<class 'key_rate_optimization.rgs_f_routine'>,1068141502.2205297,1.0,1000000.0,0.98,0.0001,5e-05,0.0,
<class 'key_rate_optimization.rgs_f_routine'>,1068141502.2205297,1.0,1000000.0,0.99,1e-06,5e-05,1.4569255468890895e-36,[19 1 2 31.87424099462967]
<class 'key_rate_optimization.rgs_f_routine'>,1068141502.2205297,1.0,1000000.0,0.99,3.162277660168379e-06,5e-05,1.4394394670646189e-36,[19 1 2 31.876547187418492]
<class 'key_rate_optimization.rgs_f_routine'>,1068141502.2205297,1.0,1000000.0,0.99,1e-05,5e-05,1.38672672486134e-36,[19 1 2 31.883132994366065]
<class 'key_rate_optimization.rgs_f_routine'>,1068141502.2205297,1.0,1000000.0,0.99,3.1622776601683795e-05,5e-05,1.2366905676601274e-36,[19 1 2 31.901638301684947]
<class 'key_rate_optimization.rgs_f_routine'>,1068141502.2205297,1.0,1000000.0,0.99,0.0001,5e-05,8.384699080027418e-37,[19 1 2 31.977456085037502]
<class 'key_rate_optimization.rgs_f_routine'>,628318530717.9586,1.0,1000000.0,0.95,1e-06,5e-05,9924.90785640263,[29 7 32 386.6974056853754]
<class 'key_rate_optimization.rgs_f_routine'>,628318530717.9586,1.0,1000000.0,0.95,3.162277660168379e-06,5e-05,9397.901685704464,[29 7 32 385.64899953422565]
<class 'key_rate_optimization.rgs_f_routine'>,628318530717.9586,1.0,1000000.0,0.95,1e-05,5e-05,7801.575477706515,[29 7 32 382.0426525698299]
<class 'key_rate_optimization.rgs_f_routine'>,628318530717.9586,1.0,1000000.0,0.95,3.1622776601683795e-05,5e-05,3445.8462483127073,[29 7 30 363.5035814822179]
<class 'key_rate_optimization.rgs_f_routine'>,628318530717.9586,1.0,1000000.0,0.95,0.0001,5e-05,0.0,
<class 'key_rate_optimization.rgs_f_routine'>,628318530717.9586,1.0,1000000.0,0.96,1e-06,5e-05,14784.286383631414,[29 7 32 345.2956889580803]
<class 'key_rate_optimization.rgs_f_routine'>,628318530717.9586,1.0,1000000.0,0.96,3.162277660168379e-06,5e-05,14157.67244052264,[29 7 32 344.88689312844156]
<class 'key_rate_optimization.rgs_f_routine'>,628318530717.9586,1.0,1000000.0,0.96,1e-05,5e-05,12250.609271485726,[29 7 32 343.4862623846969]
<class 'key_rate_optimization.rgs_f_routine'>,628318530717.9586,1.0,1000000.0,0.96,3.1622776601683795e-05,5e-05,6831.265061830808,[29 7 30 334.600171713831]
<class 'key_rate_optimization.rgs_f_routine'>,628318530717.9586,1.0,1000000.0,0.96,0.0001,5e-05,0.0,
<class 'key_rate_optimization.rgs_f_routine'>,628318530717.9586,1.0,1000000.0,0.97,1e-06,5e-05,20216.487883191774,[29 7 32 309.99654631327445]
<class 'key_rate_optimization.rgs_f_routine'>,628318530717.9586,1.0,1000000.0,0.97,3.162277660168379e-06,5e-05,19524.986206613255,[28 7 32 318.41779323098575]
<class 'key_rate_optimization.rgs_f_routine'>,628318530717.9586,1.0,1000000.0,0.97,1e-05,5e-05,17354.402412413252,[28 7 32 317.8534861367482]
<class 'key_rate_optimization.rgs_f_routine'>,628318530717.9586,1.0,1000000.0,0.97,3.1622776601683795e-05,5e-05,11147.119983285878,[28 7 32 315.52746194999196]
<class 'key_rate_optimization.rgs_f_routine'>,628318530717.9586,1.0,1000000.0,0.97,0.0001,5e-05,0.0,
<class 'key_rate_optimization.rgs_f_routine'>,628318530717.9586,1.0,1000000.0,0.98,1e-06,5e-05,26350.823036808735,[27 7 32 295.2553794144647]
<class 'key_rate_optimization.rgs_f_routine'>,628318530717.9586,1.0,1000000.0,0.98,3.162277660168379e-06,5e-05,25563.326840903796,[27 7 32 295.2227879298127]
<class 'key_rate_optimization.rgs_f_routine'>,628318530717.9586,1.0,1000000.0,0.98,1e-05,5e-05,23153.66799525316,[27 7 32 295.0962644945839]
<class 'key_rate_optimization.rgs_f_routine'>,628318530717.9586,1.0,1000000.0,0.98,3.1622776601683795e-05,5e-05,16213.71212471181,[27 7 32 294.4724368937842]
<class 'key_rate_optimization.rgs_f_routine'>,628318530717.9586,1.0,1000000.0,0.98,0.0001,5e-05,0.0,
<class 'key_rate_optimization.rgs_f_routine'>,628318530717.9586,1.0,1000000.0,0.99,1e-06,5e-05,33033.113726668744,[25 7 32 283.7901357917744]
<class 'key_rate_optimization.rgs_f_routine'>,628318530717.9586,1.0,1000000.0,0.99,3.162277660168379e-06,5e-05,32213.6583705378,[26 7 32 275.0978672219959]
<class 'key_rate_optimization.rgs_f_routine'>,628318530717.9586,1.0,1000000.0,0.99,1e-05,5e-05,29584.06531483549,[26 7 32 275.19370093561736]
<class 'key_rate_optimization.rgs_f_routine'>,628318530717.9586,1.0,1000000.0,0.99,3.1622776601683795e-05,5e-05,21968.708234201225,[26 7 32 275.396243795646]
<class 'key_rate_optimization.rgs_f_routine'>,628318530717.9586,1.0,1000000.0,0.99,0.0001,5e-05,6162.335287405498,[29 8 30 280.6112995133949]
