rout,GAMMA,T_SPIN_COHERENCE,L,best_solutions_fitness,best_solution
<class 'key_rate_optimization.tgs_a_routine'>,12566370614.359173,0.013,1000.0,59025365.577250406,[1 1 4 1.000005656815579]
<class 'key_rate_optimization.tgs_a_routine'>,12566370614.359173,0.013,158842.1052631579,37451.864122394145,[3 10 4 68.16772548223206]
<class 'key_rate_optimization.tgs_a_routine'>,12566370614.359173,0.013,316684.2105263158,10910.970799056573,[4 16 5 140.31909952117329]
<class 'key_rate_optimization.tgs_a_routine'>,12566370614.359173,0.013,474526.3157894737,6035.8381593392305,[4 16 5 231.86390482330796]
<class 'key_rate_optimization.tgs_a_routine'>,12566370614.359173,0.013,632368.4210526316,3864.5370307246426,[4 16 5 330.6453486965448]
<class 'key_rate_optimization.tgs_a_routine'>,12566370614.359173,0.013,790210.5263157894,2677.4308355388384,[4 16 5 434.8991031400288]
<class 'key_rate_optimization.tgs_a_routine'>,12566370614.359173,0.013,948052.6315789474,1949.1972595310183,[4 17 5 517.2989430908526]
<class 'key_rate_optimization.tgs_a_routine'>,12566370614.359173,0.013,1105894.7368421052,1463.393024428404,[4 16 5 655.1880223191495]
<class 'key_rate_optimization.tgs_a_routine'>,12566370614.359173,0.013,1263736.8421052631,1130.1060736464726,[4 17 5 732.6180934497942]
<class 'key_rate_optimization.tgs_a_routine'>,12566370614.359173,0.013,1421578.9473684211,886.9455744153365,[4 23 6 789.8802628983061]
<class 'key_rate_optimization.tgs_a_routine'>,12566370614.359173,0.013,1579421.0526315789,723.6890265663072,[4 23 6 893.2565764018868]
<class 'key_rate_optimization.tgs_a_routine'>,12566370614.359173,0.013,1737263.1578947369,596.4634827522553,[4 23 6 997.6770271006833]
<class 'key_rate_optimization.tgs_a_routine'>,12566370614.359173,0.013,1895105.2631578948,501.21549543308447,[5 26 6 995.1542028196293]
<class 'key_rate_optimization.tgs_a_routine'>,12566370614.359173,0.013,2052947.3684210526,427.90856974291944,[5 26 6 1089.6046168915268]
<class 'key_rate_optimization.tgs_a_routine'>,12566370614.359173,0.013,2210789.4736842103,367.71875603815204,[5 27 6 1153.3041150778904]
<class 'key_rate_optimization.tgs_a_routine'>,12566370614.359173,0.013,2368631.5789473685,316.9387601176315,[5 27 6 1246.0865505724717]
<class 'key_rate_optimization.tgs_a_routine'>,12566370614.359173,0.013,2526473.6842105263,273.84080334485424,[5 27 6 1339.070094284163]
<class 'key_rate_optimization.tgs_a_routine'>,12566370614.359173,0.013,2684315.789473684,236.95102609367362,[5 27 6 1432.1261286290523]
<class 'key_rate_optimization.tgs_a_routine'>,12566370614.359173,0.013,2842157.8947368423,205.37558535464842,[5 28 6 1489.0892906075005]
<class 'key_rate_optimization.tgs_a_routine'>,12566370614.359173,0.013,3000000.0,178.08668141910368,[5 28 6 1579.7849793723346]
<class 'key_rate_optimization.tgs_a_routine'>,628318530717.9586,4e-06,1000.0,6423199.254078895,[1 1 28 7.978781782057894]
<class 'key_rate_optimization.tgs_a_routine'>,628318530717.9586,4e-06,158842.1052631579,7575.780765287302,[1 1 28 1.9042636635408716]
<class 'key_rate_optimization.tgs_a_routine'>,628318530717.9586,4e-06,316684.2105263158,0.8195434608669865,[1 1 25 6.956987056608767]
<class 'key_rate_optimization.tgs_a_routine'>,628318530717.9586,4e-06,474526.3157894737,0.00012974114229151196,[2 1 27 10.564179913455149]
<class 'key_rate_optimization.tgs_a_routine'>,628318530717.9586,4e-06,632368.4210526316,2.765967889254065e-08,[1 1 27 15.833092522345712]
<class 'key_rate_optimization.tgs_a_routine'>,628318530717.9586,4e-06,790210.5263157894,4.657330065583024e-13,[1 2 27 46.727889145699436]
<class 'key_rate_optimization.tgs_a_routine'>,628318530717.9586,4e-06,948052.6315789474,2.483910979022163e-16,[1 1 29 46.11691788594178]
<class 'key_rate_optimization.tgs_a_routine'>,628318530717.9586,4e-06,1105894.7368421052,1.5166528576238222e-19,[1 1 27 40.082986214038684]
<class 'key_rate_optimization.tgs_a_routine'>,628318530717.9586,4e-06,1263736.8421052631,5.908852449982103e-24,[1 2 29 65.43070777402488]
<class 'key_rate_optimization.tgs_a_routine'>,628318530717.9586,4e-06,1421578.9473684211,1.628813709360035e-26,[1 1 26 38.78373700221744]
<class 'key_rate_optimization.tgs_a_routine'>,628318530717.9586,4e-06,1579421.0526315789,5.421220662630242e-32,[1 2 27 101.09867281735461]
<class 'key_rate_optimization.tgs_a_routine'>,628318530717.9586,4e-06,1737263.1578947369,1.746101849733078e-35,[1 2 29 104.28454429258076]
<class 'key_rate_optimization.tgs_a_routine'>,628318530717.9586,4e-06,1895105.2631578948,4.675060010744517e-39,[1 2 29 109.01745852353292]
<class 'key_rate_optimization.tgs_a_routine'>,628318530717.9586,4e-06,2052947.3684210526,1.019395685984724e-41,[1 1 27 84.94889930970345]
<class 'key_rate_optimization.tgs_a_routine'>,628318530717.9586,4e-06,2210789.4736842103,2.224884916385961e-49,[1 8 29 212.81440531233775]
<class 'key_rate_optimization.tgs_a_routine'>,628318530717.9586,4e-06,2368631.5789473685,7.662546982498159e-53,[1 6 29 214.845928126561]
<class 'key_rate_optimization.tgs_a_routine'>,628318530717.9586,4e-06,2526473.6842105263,1.3498027323685004e-57,[1 11 29 249.0448358857754]
<class 'key_rate_optimization.tgs_a_routine'>,628318530717.9586,4e-06,2684315.789473684,1.7960349778688733e-56,[1 3 29 116.0152956812581]
<class 'key_rate_optimization.tgs_a_routine'>,628318530717.9586,4e-06,2842157.8947368423,3.945645594345308e-60,[1 3 29 124.4311428010015]
<class 'key_rate_optimization.tgs_a_routine'>,628318530717.9586,4e-06,3000000.0,0.0,
<class 'key_rate_optimization.tgs_a_routine'>,1068141502.2205297,1.0,1000.0,20669705.051293705,[1 1 3 1.000005656815579]
<class 'key_rate_optimization.tgs_a_routine'>,1068141502.2205297,1.0,158842.1052631579,23129.19171609154,[3 11 4 67.59017777786664]
<class 'key_rate_optimization.tgs_a_routine'>,1068141502.2205297,1.0,316684.2105263158,7146.05321783983,[4 18 5 138.72905252525769]
<class 'key_rate_optimization.tgs_a_routine'>,1068141502.2205297,1.0,474526.3157894737,3902.0587432255834,[4 18 5 229.82466870480442]
<class 'key_rate_optimization.tgs_a_routine'>,1068141502.2205297,1.0,632368.4210526316,2467.9428655416664,[4 18 5 328.4442682950073]
<class 'key_rate_optimization.tgs_a_routine'>,1068141502.2205297,1.0,790210.5263157894,1689.657468929388,[4 18 5 432.7660376225258]
<class 'key_rate_optimization.tgs_a_routine'>,1068141502.2205297,1.0,948052.6315789474,1214.7207686659224,[4 18 5 541.4851542279904]
<class 'key_rate_optimization.tgs_a_routine'>,1068141502.2205297,1.0,1105894.7368421052,911.3712530384023,[4 25 6 611.4606042713659]
<class 'key_rate_optimization.tgs_a_routine'>,1068141502.2205297,1.0,1263736.8421052631,716.4090673070951,[4 25 6 716.4274187894498]
<class 'key_rate_optimization.tgs_a_routine'>,1068141502.2205297,1.0,1421578.9473684211,572.9349097908442,[4 25 6 823.2193242527894]
<class 'key_rate_optimization.tgs_a_routine'>,1068141502.2205297,1.0,1579421.0526315789,464.1367319478344,[4 25 6 931.4095317837479]
<class 'key_rate_optimization.tgs_a_routine'>,1068141502.2205297,1.0,1737263.1578947369,379.9988908856803,[4 26 6 1013.3015184588502]
<class 'key_rate_optimization.tgs_a_routine'>,1068141502.2205297,1.0,1895105.2631578948,313.5165463448356,[4 26 6 1120.4282376788685]
<class 'key_rate_optimization.tgs_a_routine'>,1068141502.2205297,1.0,2052947.3684210526,260.2661992367401,[5 28 6 1155.435040002774]
<class 'key_rate_optimization.tgs_a_routine'>,1068141502.2205297,1.0,2210789.4736842103,220.5095411683983,[5 28 6 1256.3453866658056]
<class 'key_rate_optimization.tgs_a_routine'>,1068141502.2205297,1.0,2368631.5789473685,187.27488729430914,[5 28 6 1357.433599668378]
<class 'key_rate_optimization.tgs_a_routine'>,1068141502.2205297,1.0,2526473.6842105263,159.42942738037584,[5 29 6 1425.4468595339763]
<class 'key_rate_optimization.tgs_a_routine'>,1068141502.2205297,1.0,2684315.789473684,72.77437346526226,[4 19 5 1724.3935758377331]
<class 'key_rate_optimization.tgs_a_routine'>,1068141502.2205297,1.0,2842157.8947368423,115.49748120742271,[5 29 6 1622.3712548694]
<class 'key_rate_optimization.tgs_a_routine'>,1068141502.2205297,1.0,3000000.0,98.01671010827818,[5 29 6 1720.0521554763166]
<class 'key_rate_optimization.tgs_a_routine'>,628318530717.9586,1.0,1000.0,71054251.07030337,[1 1 5 1.0000056568155808]
<class 'key_rate_optimization.tgs_a_routine'>,628318530717.9586,1.0,158842.1052631579,39648.206968397804,[3 10 4 67.78498241954067]
<class 'key_rate_optimization.tgs_a_routine'>,628318530717.9586,1.0,316684.2105263158,11982.875374268677,[4 11 4 157.90113218819218]
<class 'key_rate_optimization.tgs_a_routine'>,628318530717.9586,1.0,474526.3157894737,6319.962905068476,[4 15 5 242.9941146521132]
<class 'key_rate_optimization.tgs_a_routine'>,628318530717.9586,1.0,632368.4210526316,4076.551770541388,[4 16 5 327.87451705798384]
<class 'key_rate_optimization.tgs_a_routine'>,628318530717.9586,1.0,790210.5263157894,2832.138521478385,[4 16 5 431.18729269772683]
<class 'key_rate_optimization.tgs_a_routine'>,628318530717.9586,1.0,948052.6315789474,2062.5243431316208,[4 17 5 513.0304492841504]
<class 'key_rate_optimization.tgs_a_routine'>,628318530717.9586,1.0,1105894.7368421052,1557.3782769419622,[4 16 5 649.5846370515985]
<class 'key_rate_optimization.tgs_a_routine'>,628318530717.9586,1.0,1263736.8421052631,1159.1207745892398,[4 23 6 681.524097476824]
<class 'key_rate_optimization.tgs_a_routine'>,628318530717.9586,1.0,1421578.9473684211,945.017912196314,[4 17 5 836.6456042394276]
<class 'key_rate_optimization.tgs_a_routine'>,628318530717.9586,1.0,1579421.0526315789,764.6472145954676,[4 23 6 885.0969958321724]
<class 'key_rate_optimization.tgs_a_routine'>,628318530717.9586,1.0,1737263.1578947369,630.977966580174,[4 24 6 958.9449196911853]
<class 'key_rate_optimization.tgs_a_routine'>,628318530717.9586,1.0,1895105.2631578948,530.9236137632688,[5 27 6 959.2605767258964]
<class 'key_rate_optimization.tgs_a_routine'>,628318530717.9586,1.0,2052947.3684210526,455.40666150195943,[5 26 6 1078.609490548047]
<class 'key_rate_optimization.tgs_a_routine'>,628318530717.9586,1.0,2210789.4736842103,391.6915478594974,[5 26 6 1172.6255701927616]
<class 'key_rate_optimization.tgs_a_routine'>,628318530717.9586,1.0,2368631.5789473685,338.10338726217674,[5 26 6 1266.9989349825955]
<class 'key_rate_optimization.tgs_a_routine'>,628318530717.9586,1.0,2526473.6842105263,293.5725743125399,[5 27 6 1326.0224373700482]
<class 'key_rate_optimization.tgs_a_routine'>,628318530717.9586,1.0,2684315.789473684,254.9221180659045,[5 27 6 1418.3114963780513]
<class 'key_rate_optimization.tgs_a_routine'>,628318530717.9586,1.0,2842157.8947368423,221.37168210797216,[5 28 6 1475.1440955509509]
<class 'key_rate_optimization.tgs_a_routine'>,628318530717.9586,1.0,3000000.0,192.75177747550327,[5 28 6 1565.207508250557]
<class 'key_rate_optimization.tgs_f_routine'>,12566370614.359173,0.013,1000.0,105075850.30940486,[1 1 3 1.000005656815579]
<class 'key_rate_optimization.tgs_f_routine'>,12566370614.359173,0.013,158842.1052631579,52745.12920513082,[3 10 4 77.76565966813708]
<class 'key_rate_optimization.tgs_f_routine'>,12566370614.359173,0.013,316684.2105263158,13935.476296615147,[3 10 4 201.64649814846857]
<class 'key_rate_optimization.tgs_f_routine'>,12566370614.359173,0.013,474526.3157894737,5447.193426723742,[3 10 4 347.61396862701275]
<class 'key_rate_optimization.tgs_f_routine'>,12566370614.359173,0.013,632368.4210526316,2470.4427444977387,[3 10 4 505.2615131240878]
<class 'key_rate_optimization.tgs_f_routine'>,12566370614.359173,0.013,790210.5263157894,1480.1771015436022,[4 16 5 687.9639310006053]
<class 'key_rate_optimization.tgs_f_routine'>,12566370614.359173,0.013,948052.6315789474,900.161418076213,[4 17 5 827.388059355432]
<class 'key_rate_optimization.tgs_f_routine'>,12566370614.359173,0.013,1105894.7368421052,560.1566506377486,[4 17 5 991.1907495754443]
<class 'key_rate_optimization.tgs_f_routine'>,12566370614.359173,0.013,1263736.8421052631,347.0953484488462,[4 17 5 1149.8338843803642]
<class 'key_rate_optimization.tgs_f_routine'>,12566370614.359173,0.013,1421578.9473684211,84.53114074076294,[3 19 6 1344.0515640694762]
<class 'key_rate_optimization.tgs_f_routine'>,12566370614.359173,0.013,1579421.0526315789,120.27600750953987,[4 17 5 1431.8195957097514]
<class 'key_rate_optimization.tgs_f_routine'>,12566370614.359173,0.013,1737263.1578947369,63.8203294094561,[4 18 5 1504.2164044489211]
<class 'key_rate_optimization.tgs_f_routine'>,12566370614.359173,0.013,1895105.2631578948,1.1017791465741525e-06,[2 9 4 1396.3112616622]
<class 'key_rate_optimization.tgs_f_routine'>,12566370614.359173,0.013,2052947.3684210526,12.801141739341524,[3 15 5 1782.6540235941868]
<class 'key_rate_optimization.tgs_f_routine'>,12566370614.359173,0.013,2210789.4736842103,5.564745989870828e-44,[1 1 29 58.783048651810624]
<class 'key_rate_optimization.tgs_f_routine'>,12566370614.359173,0.013,2368631.5789473685,2.206485132483086,[3 22 6 1999.9999372649493]
<class 'key_rate_optimization.tgs_f_routine'>,12566370614.359173,0.013,2526473.6842105263,1.4082368000296364,[3 17 5 1937.4234120347437]
<class 'key_rate_optimization.tgs_f_routine'>,12566370614.359173,0.013,2684315.789473684,0.4227799688240943,[3 23 6 1999.9999372649493]
<class 'key_rate_optimization.tgs_f_routine'>,12566370614.359173,0.013,2842157.8947368423,7.007454658466204e-12,[2 13 5 1991.1431071484233]
<class 'key_rate_optimization.tgs_f_routine'>,12566370614.359173,0.013,3000000.0,0.039778779723009076,[3 25 6 1999.9999372649504]
<class 'key_rate_optimization.tgs_f_routine'>,628318530717.9586,4e-06,1000.0,4676600565.229571,[1 1 6 1.000005656815579]
<class 'key_rate_optimization.tgs_f_routine'>,628318530717.9586,4e-06,158842.1052631579,2957052.693383097,[3 10 4 64.2541947719356]
<class 'key_rate_optimization.tgs_f_routine'>,628318530717.9586,4e-06,316684.2105263158,912992.5182885987,[4 17 5 121.75313767322677]
<class 'key_rate_optimization.tgs_f_routine'>,628318530717.9586,4e-06,474526.3157894737,483088.84876098286,[4 16 5 209.68676146286435]
<class 'key_rate_optimization.tgs_f_routine'>,628318530717.9586,4e-06,632368.4210526316,291528.4351117122,[4 22 6 268.4389839237068]
<class 'key_rate_optimization.tgs_f_routine'>,628318530717.9586,4e-06,790210.5263157894,201089.096174603,[4 22 6 348.30912954697163]
<class 'key_rate_optimization.tgs_f_routine'>,628318530717.9586,4e-06,948052.6315789474,145845.39407639616,[4 24 6 402.0081907194833]
<class 'key_rate_optimization.tgs_f_routine'>,628318530717.9586,4e-06,1105894.7368421052,108818.1450739647,[4 24 6 480.11028584976776]
<class 'key_rate_optimization.tgs_f_routine'>,628318530717.9586,4e-06,1263736.8421052631,83631.34197585852,[5 28 6 493.3170755698142]
<class 'key_rate_optimization.tgs_f_routine'>,628318530717.9586,4e-06,1421578.9473684211,66709.03130984554,[5 28 6 563.0170605386967]
<class 'key_rate_optimization.tgs_f_routine'>,628318530717.9586,4e-06,1579421.0526315789,53706.51102158194,[5 28 6 633.3394410150289]
<class 'key_rate_optimization.tgs_f_routine'>,628318530717.9586,4e-06,1737263.1578947369,43481.80568659964,[5 28 6 704.1271191827127]
<class 'key_rate_optimization.tgs_f_routine'>,628318530717.9586,4e-06,1895105.2631578948,35440.519978295786,[5 29 6 756.6885582810654]
<class 'key_rate_optimization.tgs_f_routine'>,628318530717.9586,4e-06,2052947.3684210526,28837.040304567578,[5 29 6 826.2913074854673]
<class 'key_rate_optimization.tgs_f_routine'>,628318530717.9586,4e-06,2210789.4736842103,23396.63308269966,[5 29 6 895.9331772150892]
<class 'key_rate_optimization.tgs_f_routine'>,628318530717.9586,4e-06,2368631.5789473685,17988.696812189835,[5 29 7 1128.10807893137]
<class 'key_rate_optimization.tgs_f_routine'>,628318530717.9586,4e-06,2526473.6842105263,14514.981976620025,[5 29 7 1209.251733035958]
<class 'key_rate_optimization.tgs_f_routine'>,628318530717.9586,4e-06,2684315.789473684,11837.818149606786,[5 29 6 1103.692492800734]
<class 'key_rate_optimization.tgs_f_routine'>,628318530717.9586,4e-06,2842157.8947368423,9010.978820938117,[5 29 7 1371.1560982307133]
<class 'key_rate_optimization.tgs_f_routine'>,628318530717.9586,4e-06,3000000.0,3.73253820701947e-60,[1 1 29 80.79044700409698]
<class 'key_rate_optimization.tgs_f_routine'>,1068141502.2205297,1.0,1000.0,8873509.833578147,[1 1 4 1.000005656815579]
<class 'key_rate_optimization.tgs_f_routine'>,1068141502.2205297,1.0,158842.1052631579,1041.6951641216003,[1 1 29 2.1983433263873486]
<class 'key_rate_optimization.tgs_f_routine'>,1068141502.2205297,1.0,316684.2105263158,0.11236370514461258,[1 1 29 6.424074787376344]
<class 'key_rate_optimization.tgs_f_routine'>,1068141502.2205297,1.0,474526.3157894737,1.962994529559549e-05,[1 1 29 10.695146228801347]
<class 'key_rate_optimization.tgs_f_routine'>,1068141502.2205297,1.0,632368.4210526316,4.015867359117055e-09,[1 1 29 15.007370587550446]
<class 'key_rate_optimization.tgs_f_routine'>,1068141502.2205297,1.0,790210.5263157894,8.8989307663355e-13,[1 1 29 19.34397694107481]
<class 'key_rate_optimization.tgs_f_routine'>,1068141502.2205297,1.0,948052.6315789474,2.069721841002524e-16,[1 1 29 23.695893037737946]
<class 'key_rate_optimization.tgs_f_routine'>,1068141502.2205297,1.0,1105894.7368421052,4.9726877684147795e-20,[1 1 29 28.058005003606816]
<class 'key_rate_optimization.tgs_f_routine'>,1068141502.2205297,1.0,1263736.8421052631,1.2229119150500043e-23,[1 1 29 32.427244209600204]
<class 'key_rate_optimization.tgs_f_routine'>,1068141502.2205297,1.0,1421578.9473684211,3.060702392449253e-27,[1 1 29 36.80166175446857]
<class 'key_rate_optimization.tgs_f_routine'>,1068141502.2205297,1.0,1579421.0526315789,7.765912486946151e-31,[1 1 29 41.17995310310739]
<class 'key_rate_optimization.tgs_f_routine'>,1068141502.2205297,1.0,1737263.1578947369,1.992192873615313e-34,[1 1 29 45.561223644088415]
<class 'key_rate_optimization.tgs_f_routine'>,1068141502.2205297,1.0,1895105.2631578948,5.156778224333363e-38,[1 1 29 49.94483426295093]
<class 'key_rate_optimization.tgs_f_routine'>,1068141502.2205297,1.0,2052947.3684210526,1.3448925664679888e-41,[1 1 29 54.33031704665781]
<class 'key_rate_optimization.tgs_f_routine'>,1068141502.2205297,1.0,2210789.4736842103,3.5298864508976344e-45,[1 1 29 58.71731709717973]
<class 'key_rate_optimization.tgs_f_routine'>,1068141502.2205297,1.0,2368631.5789473685,9.315492918579708e-49,[1 1 29 63.10557376781013]
<class 'key_rate_optimization.tgs_f_routine'>,1068141502.2205297,1.0,2526473.6842105263,2.4700673093707174e-52,[1 1 29 67.49486782547325]
<class 'key_rate_optimization.tgs_f_routine'>,1068141502.2205297,1.0,2684315.789473684,6.576790551371321e-56,[1 1 29 71.88503947958401]
<class 'key_rate_optimization.tgs_f_routine'>,1068141502.2205297,1.0,2842157.8947368423,1.757562554467822e-59,[1 1 29 76.27596081662172]
<class 'key_rate_optimization.tgs_f_routine'>,1068141502.2205297,1.0,3000000.0,4.7121959575993536e-63,[1 1 29 80.66752601185853]
<class 'key_rate_optimization.tgs_f_routine'>,628318530717.9586,1.0,1000.0,4693797661.656563,[1 1 3 1.000005656815579]
<class 'key_rate_optimization.tgs_f_routine'>,628318530717.9586,1.0,158842.1052631579,3456407.876182173,[3 10 4 63.13534508462793]
<class 'key_rate_optimization.tgs_f_routine'>,628318530717.9586,1.0,316684.2105263158,1111154.387768052,[4 11 4 144.1478920006558]
<class 'key_rate_optimization.tgs_f_routine'>,628318530717.9586,1.0,474526.3157894737,605567.8649556423,[4 15 5 214.43571100947776]
<class 'key_rate_optimization.tgs_f_routine'>,628318530717.9586,1.0,632368.4210526316,396492.9356684037,[4 16 5 287.6605145144937]
<class 'key_rate_optimization.tgs_f_routine'>,628318530717.9586,1.0,790210.5263157894,277168.28378886066,[4 18 5 344.3230407435512]
<class 'key_rate_optimization.tgs_f_routine'>,628318530717.9586,1.0,948052.6315789474,206661.81006487648,[4 17 5 447.4643361296677]
<class 'key_rate_optimization.tgs_f_routine'>,628318530717.9586,1.0,1105894.7368421052,159524.97300156145,[4 16 5 565.5601858158337]
<class 'key_rate_optimization.tgs_f_routine'>,628318530717.9586,1.0,1263736.8421052631,125338.11406819528,[4 16 5 663.6973078569669]
<class 'key_rate_optimization.tgs_f_routine'>,628318530717.9586,1.0,1421578.9473684211,100219.29757797683,[4 16 5 763.7341736434062]
<class 'key_rate_optimization.tgs_f_routine'>,628318530717.9586,1.0,1579421.0526315789,84186.8891065388,[5 26 6 653.8125491408929]
<class 'key_rate_optimization.tgs_f_routine'>,628318530717.9586,1.0,1737263.1578947369,71971.07358917622,[5 24 6 775.7089670939126]
<class 'key_rate_optimization.tgs_f_routine'>,628318530717.9586,1.0,1895105.2631578948,62532.8217681675,[5 26 6 802.8543278277085]
<class 'key_rate_optimization.tgs_f_routine'>,628318530717.9586,1.0,2052947.3684210526,54450.983168342806,[5 25 6 905.3122989342196]
<class 'key_rate_optimization.tgs_f_routine'>,628318530717.9586,1.0,2210789.4736842103,47815.98923726678,[5 26 6 954.2386268403632]
<class 'key_rate_optimization.tgs_f_routine'>,628318530717.9586,1.0,2368631.5789473685,42140.81611852752,[5 26 6 1030.5996258362193]
<class 'key_rate_optimization.tgs_f_routine'>,628318530717.9586,1.0,2526473.6842105263,37288.89868292129,[5 26 6 1107.3084740124682]
<class 'key_rate_optimization.tgs_f_routine'>,628318530717.9586,1.0,2684315.789473684,33098.362650979456,[5 27 6 1152.3497336379648]
<class 'key_rate_optimization.tgs_f_routine'>,628318530717.9586,1.0,2842157.8947368423,29469.099169931513,[5 26 6 1261.49777816429]
<class 'key_rate_optimization.tgs_f_routine'>,628318530717.9586,1.0,3000000.0,26336.844388491074,[5 27 6 1302.9266242045933]
<class 'key_rate_optimization.rgs_a_routine'>,12566370614.359173,0.013,1000.0,4380.39110028632,[2 1 4 1.000005656815579]
<class 'key_rate_optimization.rgs_a_routine'>,12566370614.359173,0.013,158842.1052631579,950.4589325004448,[13 5 22 39.34341467399285]
<class 'key_rate_optimization.rgs_a_routine'>,12566370614.359173,0.013,316684.2105263158,616.1232518817676,[17 6 26 88.34487192670997]
<class 'key_rate_optimization.rgs_a_routine'>,12566370614.359173,0.013,474526.3157894737,462.4276291987082,[18 6 28 139.12014879573226]
<class 'key_rate_optimization.rgs_a_routine'>,12566370614.359173,0.013,632368.4210526316,366.27895183173973,[24 7 30 182.34617479814025]
<class 'key_rate_optimization.rgs_a_routine'>,12566370614.359173,0.013,790210.5263157894,310.6334052041478,[25 7 30 229.55903610269502]
<class 'key_rate_optimization.rgs_a_routine'>,12566370614.359173,0.013,948052.6315789474,265.5233857756452,[24 7 32 291.46172936218824]
<class 'key_rate_optimization.rgs_a_routine'>,12566370614.359173,0.013,1105894.7368421052,229.66057215213243,[25 7 32 337.1767939587238]
<class 'key_rate_optimization.rgs_a_routine'>,12566370614.359173,0.013,1263736.8421052631,197.91822470806505,[25 7 32 391.86363428863024]
<class 'key_rate_optimization.rgs_a_routine'>,12566370614.359173,0.013,1421578.9473684211,169.95584801347516,[25 7 32 446.5432264551349]
<class 'key_rate_optimization.rgs_a_routine'>,12566370614.359173,0.013,1579421.0526315789,145.24409739295047,[26 7 32 488.29804370880794]
<class 'key_rate_optimization.rgs_a_routine'>,12566370614.359173,0.013,1737263.1578947369,123.7109174694727,[26 7 34 540.5660049321958]
<class 'key_rate_optimization.rgs_a_routine'>,12566370614.359173,0.013,1895105.2631578948,104.12900935498472,[25 7 34 606.7618627929935]
<class 'key_rate_optimization.rgs_a_routine'>,12566370614.359173,0.013,2052947.3684210526,86.87013122108554,[26 7 34 642.6463642735297]
<class 'key_rate_optimization.rgs_a_routine'>,12566370614.359173,0.013,2210789.4736842103,70.99384108703399,[26 7 34 691.3331914922237]
<class 'key_rate_optimization.rgs_a_routine'>,12566370614.359173,0.013,2368631.5789473685,59.0806515082704,[29 8 36 805.0599261174013]
<class 'key_rate_optimization.rgs_a_routine'>,12566370614.359173,0.013,2526473.6842105263,43.6410773848557,[26 7 34 781.289824911795]
<class 'key_rate_optimization.rgs_a_routine'>,12566370614.359173,0.013,2684315.789473684,38.742964827117355,[29 8 36 899.654777861245]
<class 'key_rate_optimization.rgs_a_routine'>,12566370614.359173,0.013,2842157.8947368423,30.020905980901503,[29 8 36 942.0581745053769]
<class 'key_rate_optimization.rgs_a_routine'>,12566370614.359173,0.013,3000000.0,13.646707915201882,[26 7 32 886.312536681084]
<class 'key_rate_optimization.rgs_a_routine'>,628318530717.9586,4e-06,1000.0,72.37010306457154,[9 8 14 7.472385239660061]
<class 'key_rate_optimization.rgs_a_routine'>,628318530717.9586,4e-06,158842.1052631579,0.0,
<class 'key_rate_optimization.rgs_a_routine'>,628318530717.9586,4e-06,316684.2105263158,0.0,
<class 'key_rate_optimization.rgs_a_routine'>,628318530717.9586,4e-06,474526.3157894737,0.0,
<class 'key_rate_optimization.rgs_a_routine'>,628318530717.9586,4e-06,632368.4210526316,0.0,
<class 'key_rate_optimization.rgs_a_routine'>,628318530717.9586,4e-06,790210.5263157894,0.0,
<class 'key_rate_optimization.rgs_a_routine'>,628318530717.9586,4e-06,948052.6315789474,0.0,
<class 'key_rate_optimization.rgs_a_routine'>,628318530717.9586,4e-06,1105894.7368421052,0.0,
<class 'key_rate_optimization.rgs_a_routine'>,628318530717.9586,4e-06,1263736.8421052631,0.0,
<class 'key_rate_optimization.rgs_a_routine'>,628318530717.9586,4e-06,1421578.9473684211,0.0,
<class 'key_rate_optimization.rgs_a_routine'>,628318530717.9586,4e-06,1579421.0526315789,0.0,
<class 'key_rate_optimization.rgs_a_routine'>,628318530717.9586,4e-06,1737263.1578947369,0.0,
<class 'key_rate_optimization.rgs_a_routine'>,628318530717.9586,4e-06,1895105.2631578948,0.0,
<class 'key_rate_optimization.rgs_a_routine'>,628318530717.9586,4e-06,2052947.3684210526,0.0,
<class 'key_rate_optimization.rgs_a_routine'>,628318530717.9586,4e-06,2210789.4736842103,0.0,
<class 'key_rate_optimization.rgs_a_routine'>,628318530717.9586,4e-06,2368631.5789473685,0.0,
<class 'key_rate_optimization.rgs_a_routine'>,628318530717.9586,4e-06,2526473.6842105263,0.0,
<class 'key_rate_optimization.rgs_a_routine'>,628318530717.9586,4e-06,2684315.789473684,0.0,
<class 'key_rate_optimization.rgs_a_routine'>,628318530717.9586,4e-06,2842157.8947368423,0.0,
<class 'key_rate_optimization.rgs_a_routine'>,628318530717.9586,4e-06,3000000.0,0.0,
<class 'key_rate_optimization.rgs_a_routine'>,1068141502.2205297,1.0,1000.0,3980.343271551409,[2 1 4 1.000005656815579]
<class 'key_rate_optimization.rgs_a_routine'>,1068141502.2205297,1.0,158842.1052631579,823.6664575856415,[12 5 22 42.456849940915376]
<class 'key_rate_optimization.rgs_a_routine'>,1068141502.2205297,1.0,316684.2105263158,522.3929997258765,[17 6 26 90.51589354066928]
<class 'key_rate_optimization.rgs_a_routine'>,1068141502.2205297,1.0,474526.3157894737,389.7075775399843,[17 6 28 149.52948487042417]
<class 'key_rate_optimization.rgs_a_routine'>,1068141502.2205297,1.0,632368.4210526316,302.72647274573745,[17 6 28 212.09544846071597]
<class 'key_rate_optimization.rgs_a_routine'>,1068141502.2205297,1.0,790210.5263157894,253.66305198381613,[24 7 30 246.11936533651084]
<class 'key_rate_optimization.rgs_a_routine'>,1068141502.2205297,1.0,948052.6315789474,215.89801353837487,[25 7 32 294.57051823451684]
<class 'key_rate_optimization.rgs_a_routine'>,1068141502.2205297,1.0,1105894.7368421052,185.23431790849423,[25 7 32 351.2558454168402]
<class 'key_rate_optimization.rgs_a_routine'>,1068141502.2205297,1.0,1263736.8421052631,158.60695341337814,[25 7 32 408.20915438960253]
<class 'key_rate_optimization.rgs_a_routine'>,1068141502.2205297,1.0,1421578.9473684211,135.22933861293984,[25 7 32 465.04781400766115]
<class 'key_rate_optimization.rgs_a_routine'>,1068141502.2205297,1.0,1579421.0526315789,114.56429956326286,[26 7 32 508.53321187473045]
<class 'key_rate_optimization.rgs_a_routine'>,1068141502.2205297,1.0,1737263.1578947369,96.35419939387803,[25 7 34 576.578970557965]
<class 'key_rate_optimization.rgs_a_routine'>,1068141502.2205297,1.0,1895105.2631578948,80.33449486016157,[26 7 34 615.949463596316]
<class 'key_rate_optimization.rgs_a_routine'>,1068141502.2205297,1.0,2052947.3684210526,65.90945041508542,[26 7 34 667.5072088773829]
<class 'key_rate_optimization.rgs_a_routine'>,1068141502.2205297,1.0,2210789.4736842103,52.90560669101001,[26 7 34 716.8858415397151]
<class 'key_rate_optimization.rgs_a_routine'>,1068141502.2205297,1.0,2368631.5789473685,41.21103758976006,[26 7 34 763.4130420860427]
<class 'key_rate_optimization.rgs_a_routine'>,1068141502.2205297,1.0,2526473.6842105263,30.870720557244326,[26 7 32 807.4081280320061]
<class 'key_rate_optimization.rgs_a_routine'>,1068141502.2205297,1.0,2684315.789473684,25.216396567619462,[29 8 36 938.795999170825]
<class 'key_rate_optimization.rgs_a_routine'>,1068141502.2205297,1.0,2842157.8947368423,18.602824453865715,[29 8 36 979.157451258208]
<class 'key_rate_optimization.rgs_a_routine'>,1068141502.2205297,1.0,3000000.0,12.858998273872643,[29 8 36 1013.6790799069109]
<class 'key_rate_optimization.rgs_a_routine'>,628318530717.9586,1.0,1000.0,4424.613488944531,[2 1 4 1.000005656815579]
<class 'key_rate_optimization.rgs_a_routine'>,628318530717.9586,1.0,158842.1052631579,968.3806909949669,[12 5 22 41.782688431259594]
<class 'key_rate_optimization.rgs_a_routine'>,628318530717.9586,1.0,316684.2105263158,628.6657978069065,[17 6 26 88.14391716970532]
<class 'key_rate_optimization.rgs_a_routine'>,628318530717.9586,1.0,474526.3157894737,473.2481720960367,[18 6 28 138.78583113971547]
<class 'key_rate_optimization.rgs_a_routine'>,628318530717.9586,1.0,632368.4210526316,374.90705964821007,[25 7 30 176.3305102799826]
<class 'key_rate_optimization.rgs_a_routine'>,628318530717.9586,1.0,790210.5263157894,318.87545161032614,[25 7 30 228.8005690356932]
<class 'key_rate_optimization.rgs_a_routine'>,628318530717.9586,1.0,948052.6315789474,273.266807501061,[24 7 32 290.541677253782]
<class 'key_rate_optimization.rgs_a_routine'>,628318530717.9586,1.0,1105894.7368421052,236.9245232001078,[25 7 32 336.12725028822183]
<class 'key_rate_optimization.rgs_a_routine'>,628318530717.9586,1.0,1263736.8421052631,204.74872559994725,[25 7 32 390.7192342959699]
<class 'key_rate_optimization.rgs_a_routine'>,628318530717.9586,1.0,1421578.9473684211,176.38333762162708,[25 7 32 445.34611273002355]
<class 'key_rate_optimization.rgs_a_routine'>,628318530717.9586,1.0,1579421.0526315789,151.31795375840431,[25 7 34 499.2580494128012]
<class 'key_rate_optimization.rgs_a_routine'>,628318530717.9586,1.0,1737263.1578947369,129.52053458405007,[26 7 34 539.3428685026707]
<class 'key_rate_optimization.rgs_a_routine'>,628318530717.9586,1.0,1895105.2631578948,109.63128575728457,[25 7 34 605.7694708350199]
<class 'key_rate_optimization.rgs_a_routine'>,628318530717.9586,1.0,2052947.3684210526,92.06309671670869,[26 7 34 641.799870637784]
<class 'key_rate_optimization.rgs_a_routine'>,628318530717.9586,1.0,2210789.4736842103,75.88532429454625,[26 7 34 690.8700835435388]
<class 'key_rate_optimization.rgs_a_routine'>,628318530717.9586,1.0,2368631.5789473685,63.1112815039673,[29 8 36 803.7703497558148]
<class 'key_rate_optimization.rgs_a_routine'>,628318530717.9586,1.0,2526473.6842105263,52.188018871305374,[29 8 36 853.0303029867515]
<class 'key_rate_optimization.rgs_a_routine'>,628318530717.9586,1.0,2684315.789473684,35.95992530502517,[26 7 34 823.118888027454]
<class 'key_rate_optimization.rgs_a_routine'>,628318530717.9586,1.0,2842157.8947368423,33.234886775158174,[29 8 36 943.0985068304394]
<class 'key_rate_optimization.rgs_a_routine'>,628318530717.9586,1.0,3000000.0,25.163495560852574,[29 8 36 982.6405588939795]
<class 'key_rate_optimization.rgs_f_routine'>,12566370614.359173,0.013,1000.0,27157.168782016844,[1 1 4 1.000005656815579]
<class 'key_rate_optimization.rgs_f_routine'>,12566370614.359173,0.013,158842.1052631579,74.66716601777303,[9 4 14 58.79785676241357]
<class 'key_rate_optimization.rgs_f_routine'>,12566370614.359173,0.013,316684.2105263158,0.4386661753509577,[13 5 14 141.70069127972397]
<class 'key_rate_optimization.rgs_f_routine'>,12566370614.359173,0.013,474526.3157894737,0.0036962332875014343,[13 5 14 216.99042719392355]
<class 'key_rate_optimization.rgs_f_routine'>,12566370614.359173,0.013,632368.4210526316,1.3991681707805191e-05,[14 5 12 234.83308382915305]
<class 'key_rate_optimization.rgs_f_routine'>,12566370614.359173,0.013,790210.5263157894,6.91938293752929e-08,[14 5 12 290.62718070556843]
<class 'key_rate_optimization.rgs_f_routine'>,12566370614.359173,0.013,948052.6315789474,1.8913906224758043e-12,[16 5 10 267.2372544492301]
<class 'key_rate_optimization.rgs_f_routine'>,12566370614.359173,0.013,1105894.7368421052,2.7318453514235903e-15,[15 5 10 314.4815681315392]
<class 'key_rate_optimization.rgs_f_routine'>,12566370614.359173,0.013,1263736.8421052631,5.598037716778689e-21,[19 6 10 418.05841903797426]
<class 'key_rate_optimization.rgs_f_routine'>,12566370614.359173,0.013,1421578.9473684211,1.1219603581531679e-29,[24 6 8 341.92573643579004]
<class 'key_rate_optimization.rgs_f_routine'>,12566370614.359173,0.013,1579421.0526315789,2.307407286283835e-31,[16 5 8 344.26126227733926]
<class 'key_rate_optimization.rgs_f_routine'>,12566370614.359173,0.013,1737263.1578947369,5.1046607092635005e-49,[29 1 2 37.85095639766175]
<class 'key_rate_optimization.rgs_f_routine'>,12566370614.359173,0.013,1895105.2631578948,2.2509533577632722e-51,[20 5 6 300.177332672065]
<class 'key_rate_optimization.rgs_f_routine'>,12566370614.359173,0.013,2052947.3684210526,4.9213746935325224e-57,[18 5 6 340.9515235810341]
<class 'key_rate_optimization.rgs_f_routine'>,12566370614.359173,0.013,2210789.4736842103,1.1016304533346546e-63,[29 1 2 48.512281634224486]
<class 'key_rate_optimization.rgs_f_routine'>,12566370614.359173,0.013,2368631.5789473685,4.885087843137495e-88,[29 5 4 260.3528106907041]
<class 'key_rate_optimization.rgs_f_routine'>,12566370614.359173,0.013,2526473.6842105263,1.8426543355148332e-73,[29 1 2 55.61959944704874]
<class 'key_rate_optimization.rgs_f_routine'>,12566370614.359173,0.013,2684315.789473684,2.3838899881907833e-78,[29 1 2 59.1732143469864]
<class 'key_rate_optimization.rgs_f_routine'>,12566370614.359173,0.013,2842157.8947368423,3.084616846904132e-83,[29 1 2 62.72680649787802]
<class 'key_rate_optimization.rgs_f_routine'>,12566370614.359173,0.013,3000000.0,3.9918837994006384e-88,[29 1 2 66.28037986500735]
<class 'key_rate_optimization.rgs_f_routine'>,628318530717.9586,4e-06,1000.0,826455.9568789825,[2 4 6 1.0943802179803452]
<class 'key_rate_optimization.rgs_f_routine'>,628318530717.9586,4e-06,158842.1052631579,116001.60919091996,[16 6 22 35.39148291044321]
<class 'key_rate_optimization.rgs_f_routine'>,628318530717.9586,4e-06,316684.2105263158,68647.58290219157,[17 6 26 79.97116495586488]
<class 'key_rate_optimization.rgs_f_routine'>,628318530717.9586,4e-06,474526.3157894737,50715.0137327624,[23 7 28 115.69764394251104]
<class 'key_rate_optimization.rgs_f_routine'>,628318530717.9586,4e-06,632368.4210526316,38846.294752529895,[25 7 30 151.47679363961686]
<class 'key_rate_optimization.rgs_f_routine'>,628318530717.9586,4e-06,790210.5263157894,30071.78403705668,[25 7 30 194.67413985369177]
<class 'key_rate_optimization.rgs_f_routine'>,628318530717.9586,4e-06,948052.6315789474,23652.008849119993,[29 8 32 245.28472136805115]
<class 'key_rate_optimization.rgs_f_routine'>,628318530717.9586,4e-06,1105894.7368421052,18894.46904276271,[29 8 32 289.00716559120235]
<class 'key_rate_optimization.rgs_f_routine'>,628318530717.9586,4e-06,1263736.8421052631,11989.572298025822,[27 7 30 308.5648778908263]
<class 'key_rate_optimization.rgs_f_routine'>,628318530717.9586,4e-06,1421578.9473684211,11170.80103399194,[29 8 32 373.43258949403173]
<class 'key_rate_optimization.rgs_f_routine'>,628318530717.9586,4e-06,1579421.0526315789,8037.637008503652,[29 8 32 412.95727834318825]
<class 'key_rate_optimization.rgs_f_routine'>,628318530717.9586,4e-06,1737263.1578947369,5324.220821011702,[29 8 32 449.53287270910926]
<class 'key_rate_optimization.rgs_f_routine'>,628318530717.9586,4e-06,1895105.2631578948,4.4525579503941177e-63,[29 6 4 206.46073306483038]
<class 'key_rate_optimization.rgs_f_routine'>,628318530717.9586,4e-06,2052947.3684210526,1171.2818399919831,[29 8 30 505.7473531339966]
<class 'key_rate_optimization.rgs_f_routine'>,628318530717.9586,4e-06,2210789.4736842103,6.884038513430655e-62,[29 1 2 40.750324215142285]
<class 'key_rate_optimization.rgs_f_routine'>,628318530717.9586,4e-06,2368631.5789473685,1.8095167979745577e-77,[28 2 2 78.05512862455053]
<class 'key_rate_optimization.rgs_f_routine'>,628318530717.9586,4e-06,2526473.6842105263,0.0,
<class 'key_rate_optimization.rgs_f_routine'>,628318530717.9586,4e-06,2684315.789473684,0.0,
<class 'key_rate_optimization.rgs_f_routine'>,628318530717.9586,4e-06,2842157.8947368423,0.0,
<class 'key_rate_optimization.rgs_f_routine'>,628318530717.9586,4e-06,3000000.0,2.8578662965496745e-108,[21 1 2 140.57917528341954]
<class 'key_rate_optimization.rgs_f_routine'>,1068141502.2205297,1.0,1000.0,1661.5690514118508,[1 1 4 1.000005656815579]
<class 'key_rate_optimization.rgs_f_routine'>,1068141502.2205297,1.0,158842.1052631579,0.018835075141630943,[16 1 2 3.729539304177878]
<class 'key_rate_optimization.rgs_f_routine'>,1068141502.2205297,1.0,316684.2105263158,8.12399351097502e-09,[18 1 2 9.090158872616732]
<class 'key_rate_optimization.rgs_f_routine'>,1068141502.2205297,1.0,474526.3157894737,0.0,
<class 'key_rate_optimization.rgs_f_routine'>,1068141502.2205297,1.0,632368.4210526316,2.1123253016814857e-21,[19 1 2 19.707081818806344]
<class 'key_rate_optimization.rgs_f_routine'>,1068141502.2205297,1.0,790210.5263157894,1.1100979590186342e-27,[19 1 2 25.019567868539536]
<class 'key_rate_optimization.rgs_f_routine'>,1068141502.2205297,1.0,948052.6315789474,5.86146653490359e-34,[19 1 2 30.330415177132096]
<class 'key_rate_optimization.rgs_f_routine'>,1068141502.2205297,1.0,1105894.7368421052,3.1033243410543264e-40,[19 1 2 35.64036352336992]
<class 'key_rate_optimization.rgs_f_routine'>,1068141502.2205297,1.0,1263736.8421052631,1.6458557962808187e-46,[19 1 2 40.94976002621183]
<class 'key_rate_optimization.rgs_f_routine'>,1068141502.2205297,1.0,1421578.9473684211,8.768225963412528e-53,[20 1 2 46.17674652136917]
<class 'key_rate_optimization.rgs_f_routine'>,1068141502.2205297,1.0,1579421.0526315789,4.686145176391188e-59,[19 1 2 51.5675749112497]
<class 'key_rate_optimization.rgs_f_routine'>,1068141502.2205297,1.0,1737263.1578947369,2.5067601526220965e-65,[20 1 2 56.775762194356155]
<class 'key_rate_optimization.rgs_f_routine'>,1068141502.2205297,1.0,1895105.2631578948,1.3413536841982396e-71,[20 1 2 62.075024239128474]
<class 'key_rate_optimization.rgs_f_routine'>,1068141502.2205297,1.0,2052947.3684210526,7.18004342893604e-78,[20 1 2 67.37416370281889]
<class 'key_rate_optimization.rgs_f_routine'>,1068141502.2205297,1.0,2210789.4736842103,3.8444200186193105e-84,[20 1 2 72.67320005184357]
<class 'key_rate_optimization.rgs_f_routine'>,1068141502.2205297,1.0,2368631.5789473685,2.058872737611074e-90,[20 1 2 77.97214147574083]
<class 'key_rate_optimization.rgs_f_routine'>,1068141502.2205297,1.0,2526473.6842105263,1.1028175874150262e-96,[20 1 2 83.27100128859884]
<class 'key_rate_optimization.rgs_f_routine'>,1068141502.2205297,1.0,2684315.789473684,2.009788653618999e-154,[15 16 2 1097.318702190614]
<class 'key_rate_optimization.rgs_f_routine'>,1068141502.2205297,1.0,2842157.8947368423,3.165338150205014e-109,[20 1 2 93.86849619636924]
<class 'key_rate_optimization.rgs_f_routine'>,1068141502.2205297,1.0,3000000.0,1.696054443176379e-115,[20 1 2 99.16713501424977]
<class 'key_rate_optimization.rgs_f_routine'>,628318530717.9586,1.0,1000.0,1207679.7905419217,[1 1 4 1.000005656815579]
<class 'key_rate_optimization.rgs_f_routine'>,628318530717.9586,1.0,158842.1052631579,140466.31762580868,[12 5 22 38.74449457809944]
<class 'key_rate_optimization.rgs_f_routine'>,628318530717.9586,1.0,316684.2105263158,90837.06579671704,[17 6 26 79.05599102453294]
<class 'key_rate_optimization.rgs_f_routine'>,628318530717.9586,1.0,474526.3157894737,69911.6417209105,[18 6 28 123.85064310739408]
<class 'key_rate_optimization.rgs_f_routine'>,628318530717.9586,1.0,632368.4210526316,56654.28570253026,[17 6 28 183.58027630446847]
<class 'key_rate_optimization.rgs_f_routine'>,628318530717.9586,1.0,790210.5263157894,48581.81265105605,[24 7 30 202.65183454650932]
<class 'key_rate_optimization.rgs_f_routine'>,628318530717.9586,1.0,948052.6315789474,42563.48415371714,[24 7 32 250.1039695350785]
<class 'key_rate_optimization.rgs_f_routine'>,628318530717.9586,1.0,1105894.7368421052,37652.349790696855,[24 7 32 297.96024551962284]
<class 'key_rate_optimization.rgs_f_routine'>,628318530717.9586,1.0,1263736.8421052631,33401.690904792806,[25 7 32 335.5416622661691]
<class 'key_rate_optimization.rgs_f_routine'>,628318530717.9586,1.0,1421578.9473684211,29520.07644051101,[26 7 32 372.1713196000578]
<class 'key_rate_optimization.rgs_f_routine'>,628318530717.9586,1.0,1579421.0526315789,26214.422104671667,[25 7 34 431.15510284412795]
<class 'key_rate_optimization.rgs_f_routine'>,628318530717.9586,1.0,1737263.1578947369,23259.26254929427,[26 7 34 465.6707664012411]
<class 'key_rate_optimization.rgs_f_routine'>,628318530717.9586,1.0,1895105.2631578948,20578.026015655807,[26 7 34 511.79066604026684]
<class 'key_rate_optimization.rgs_f_routine'>,628318530717.9586,1.0,2052947.3684210526,18112.67979323649,[26 7 34 557.6066051644154]
<class 'key_rate_optimization.rgs_f_routine'>,628318530717.9586,1.0,2210789.4736842103,15840.069470232274,[26 7 34 602.9511696542467]
<class 'key_rate_optimization.rgs_f_routine'>,628318530717.9586,1.0,2368631.5789473685,14027.54820697012,[29 8 34 678.4884928544316]
<class 'key_rate_optimization.rgs_f_routine'>,628318530717.9586,1.0,2526473.6842105263,12382.323639488892,[29 8 36 726.6589680650505]
<class 'key_rate_optimization.rgs_f_routine'>,628318530717.9586,1.0,2684315.789473684,10871.610386085009,[29 8 36 771.6090580963826]
<class 'key_rate_optimization.rgs_f_routine'>,628318530717.9586,1.0,2842157.8947368423,9459.659799470634,[29 8 36 815.5165914938747]
<class 'key_rate_optimization.rgs_f_routine'>,628318530717.9586,1.0,3000000.0,8141.391360253857,[29 8 36 858.1879797220317]
