,rout,GAMMA,T_SPIN_COHERENCE,L,best_solutions_fitness,best_solution
2,<class 'key_rate_optimization.rgs_a_routine'>,62831853.071795866,1e-07,1000000.0,0.0,
46,<class 'key_rate_optimization.rgs_a_routine'>,628318530.7179586,1e-07,1000000.0,0.0,
90,<class 'key_rate_optimization.rgs_a_routine'>,6283185307.179586,1e-07,1000000.0,0.0,
134,<class 'key_rate_optimization.rgs_a_routine'>,62831853071.79586,1e-07,1000000.0,0.0,
178,<class 'key_rate_optimization.rgs_a_routine'>,628318530717.9586,1e-07,1000000.0,0.0,
222,<class 'key_rate_optimization.rgs_a_routine'>,6283185307179.586,1e-07,1000000.0,0.0,
266,<class 'key_rate_optimization.rgs_a_routine'>,62831853071795.86,1e-07,1000000.0,0.0,
310,<class 'key_rate_optimization.rgs_a_routine'>,628318530717958.6,1e-07,1000000.0,0.0,
6,<class 'key_rate_optimization.rgs_a_routine'>,62831853.071795866,1e-06,1000000.0,0.0,
50,<class 'key_rate_optimization.rgs_a_routine'>,628318530.7179586,1e-06,1000000.0,0.0,
94,<class 'key_rate_optimization.rgs_a_routine'>,6283185307.179586,1e-06,1000000.0,0.0,
138,<class 'key_rate_optimization.rgs_a_routine'>,62831853071.79586,1e-06,1000000.0,0.0,
182,<class 'key_rate_optimization.rgs_a_routine'>,628318530717.9586,1e-06,1000000.0,0.0,
226,<class 'key_rate_optimization.rgs_a_routine'>,6283185307179.586,1e-06,1000000.0,0.0,
270,<class 'key_rate_optimization.rgs_a_routine'>,62831853071795.86,1e-06,1000000.0,0.0,
314,<class 'key_rate_optimization.rgs_a_routine'>,628318530717958.6,1e-06,1000000.0,0.0,
10,<class 'key_rate_optimization.rgs_a_routine'>,62831853.071795866,1e-05,1000000.0,0.0,
54,<class 'key_rate_optimization.rgs_a_routine'>,628318530.7179586,1e-05,1000000.0,0.0,
98,<class 'key_rate_optimization.rgs_a_routine'>,6283185307.179586,1e-05,1000000.0,0.0,
142,<class 'key_rate_optimization.rgs_a_routine'>,62831853071.79586,1e-05,1000000.0,0.0,
186,<class 'key_rate_optimization.rgs_a_routine'>,628318530717.9586,1e-05,1000000.0,5.718172915395161e-44,[29 1 2 5.267635708571639]
230,<class 'key_rate_optimization.rgs_a_routine'>,6283185307179.586,1e-05,1000000.0,0.0,
274,<class 'key_rate_optimization.rgs_a_routine'>,62831853071795.86,1e-05,1000000.0,0.0,
318,<class 'key_rate_optimization.rgs_a_routine'>,628318530717958.6,1e-05,1000000.0,0.0,
14,<class 'key_rate_optimization.rgs_a_routine'>,62831853.071795866,0.0001,1000000.0,2.3499569132113505e-186,[29 5 1 279.17851496103043]
58,<class 'key_rate_optimization.rgs_a_routine'>,628318530.7179586,0.0001,1000000.0,0.0,
102,<class 'key_rate_optimization.rgs_a_routine'>,6283185307.179586,0.0001,1000000.0,1.0590059653593087e-27,[28 1 2 27.886442130655244]
146,<class 'key_rate_optimization.rgs_a_routine'>,62831853071.79586,0.0001,1000000.0,64.60217536541855,[29 8 31 298.75163435471006]
190,<class 'key_rate_optimization.rgs_a_routine'>,628318530717.9586,0.0001,1000000.0,65.3631745968031,[29 8 31 298.6421550978263]
234,<class 'key_rate_optimization.rgs_a_routine'>,6283185307179.586,0.0001,1000000.0,65.43956692893674,[29 8 31 298.63144121306703]
278,<class 'key_rate_optimization.rgs_a_routine'>,62831853071795.86,0.0001,1000000.0,65.44720909197149,[29 8 31 298.6300023199804]
322,<class 'key_rate_optimization.rgs_a_routine'>,628318530717958.6,0.0001,1000000.0,65.44797333941817,[29 8 31 298.6302593350262]
18,<class 'key_rate_optimization.rgs_a_routine'>,62831853.071795866,0.001,1000000.0,2.4571334290539148e-27,[29 1 2 21.639408389842714]
62,<class 'key_rate_optimization.rgs_a_routine'>,628318530.7179586,0.001,1000000.0,148.40028548653737,[25 7 31 320.39057304212366]
106,<class 'key_rate_optimization.rgs_a_routine'>,6283185307.179586,0.001,1000000.0,222.38129461098092,[25 7 31 300.41881532178576]
150,<class 'key_rate_optimization.rgs_a_routine'>,62831853071.79586,0.001,1000000.0,231.87442777679536,[25 7 31 298.5241857173302]
194,<class 'key_rate_optimization.rgs_a_routine'>,628318530717.9586,0.001,1000000.0,232.85040711480383,[25 7 31 298.33483105686685]
238,<class 'key_rate_optimization.rgs_a_routine'>,6283185307179.586,0.001,1000000.0,232.9482790170364,[25 7 31 298.3165670072399]
282,<class 'key_rate_optimization.rgs_a_routine'>,62831853071795.86,0.001,1000000.0,232.9580689504606,[25 7 31 298.31504349370306]
326,<class 'key_rate_optimization.rgs_a_routine'>,628318530717958.6,0.001,1000000.0,232.9590479736696,[25 7 31 298.31483882216395]
22,<class 'key_rate_optimization.rgs_a_routine'>,62831853.071795866,0.01,1000000.0,1.8652575642494944,[17 6 26 508.7099130681887]
66,<class 'key_rate_optimization.rgs_a_routine'>,628318530.7179586,0.01,1000000.0,172.37414826700066,[25 7 31 323.1086601279085]
110,<class 'key_rate_optimization.rgs_a_routine'>,6283185307.179586,0.01,1000000.0,247.6793414760868,[25 7 31 301.9537006583472]
154,<class 'key_rate_optimization.rgs_a_routine'>,62831853071.79586,0.01,1000000.0,257.2953292741387,[25 7 31 299.9696793643627]
198,<class 'key_rate_optimization.rgs_a_routine'>,628318530717.9586,0.01,1000000.0,258.2835033463599,[25 7 31 299.7720089547196]
242,<class 'key_rate_optimization.rgs_a_routine'>,6283185307179.586,0.01,1000000.0,258.3825938229948,[25 7 31 299.7529488530373]
286,<class 'key_rate_optimization.rgs_a_routine'>,62831853071795.86,0.01,1000000.0,258.39250558580346,[25 7 31 299.74956762808677]
330,<class 'key_rate_optimization.rgs_a_routine'>,628318530717958.6,0.01,1000000.0,258.39349681727407,[25 7 31 299.7507859353113]
26,<class 'key_rate_optimization.rgs_a_routine'>,62831853.071795866,0.1,1000000.0,2.618898963578656,[17 6 27 530.0707303922942]
70,<class 'key_rate_optimization.rgs_a_routine'>,628318530.7179586,0.1,1000000.0,174.87410840991515,[25 7 31 323.37430142816817]
114,<class 'key_rate_optimization.rgs_a_routine'>,6283185307.179586,0.1,1000000.0,250.2925036042249,[25 7 31 302.1047552656626]
158,<class 'key_rate_optimization.rgs_a_routine'>,62831853071.79586,0.1,1000000.0,259.91883152530164,[25 7 31 300.1126168894729]
202,<class 'key_rate_optimization.rgs_a_routine'>,628318530717.9586,0.1,1000000.0,260.9080303038566,[25 7 31 299.91391880083455]
246,<class 'key_rate_optimization.rgs_a_routine'>,6283185307179.586,0.1,1000000.0,261.007223157188,[25 7 31 299.89380534204315]
290,<class 'key_rate_optimization.rgs_a_routine'>,62831853071795.86,0.1,1000000.0,261.01714518103944,[25 7 31 299.89217950298223]
334,<class 'key_rate_optimization.rgs_a_routine'>,628318530717958.6,0.1,1000000.0,261.01813740316305,[25 7 31 299.89110244533214]
30,<class 'key_rate_optimization.rgs_a_routine'>,62831853.071795866,1.0,1000000.0,2.702071139890664,[17 6 27 532.3970275604355]
74,<class 'key_rate_optimization.rgs_a_routine'>,628318530.7179586,1.0,1000000.0,175.1252034111038,[25 7 31 323.4002790675177]
118,<class 'key_rate_optimization.rgs_a_routine'>,6283185307.179586,1.0,1000000.0,250.5547024385652,[25 7 31 302.1202731480932]
162,<class 'key_rate_optimization.rgs_a_routine'>,62831853071.79586,1.0,1000000.0,259.44099596404345,[24 7 31 309.31344258398065]
206,<class 'key_rate_optimization.rgs_a_routine'>,628318530717.9586,1.0,1000000.0,261.1713417950927,[25 7 31 299.92810772273947]
250,<class 'key_rate_optimization.rgs_a_routine'>,6283185307179.586,1.0,1000000.0,261.2705446582964,[25 7 31 299.90740305480347]
294,<class 'key_rate_optimization.rgs_a_routine'>,62831853071795.86,1.0,1000000.0,261.28046768953874,[25 7 31 299.9066097539845]
338,<class 'key_rate_optimization.rgs_a_routine'>,628318530717958.6,1.0,1000000.0,261.2814600198523,[25 7 31 299.9061313214454]
34,<class 'key_rate_optimization.rgs_a_routine'>,62831853.071795866,10.0,1000000.0,2.710443201549277,[17 6 27 532.6287731438307]
78,<class 'key_rate_optimization.rgs_a_routine'>,628318530.7179586,10.0,1000000.0,175.15032398185863,[25 7 31 323.40369642067515]
122,<class 'key_rate_optimization.rgs_a_routine'>,6283185307.179586,10.0,1000000.0,249.86719578714545,[24 7 31 311.3462075743861]
166,<class 'key_rate_optimization.rgs_a_routine'>,62831853071.79586,10.0,1000000.0,260.2083724832637,[25 7 31 300.12787768831913]
210,<class 'key_rate_optimization.rgs_a_routine'>,628318530717.9586,10.0,1000000.0,260.4541260522468,[24 7 31 309.1134000021684]
254,<class 'key_rate_optimization.rgs_a_routine'>,6283185307179.586,10.0,1000000.0,261.29688545270966,[25 7 31 299.90979468043446]
298,<class 'key_rate_optimization.rgs_a_routine'>,62831853071795.86,10.0,1000000.0,261.3068085759887,[25 7 31 299.9074069461238]
342,<class 'key_rate_optimization.rgs_a_routine'>,628318530717958.6,10.0,1000000.0,261.30780091625456,[25 7 31 299.907110922958]
38,<class 'key_rate_optimization.rgs_a_routine'>,62831853.071795866,100.0,1000000.0,2.7112809550280934,[17 6 27 532.6522671578443]
82,<class 'key_rate_optimization.rgs_a_routine'>,628318530.7179586,100.0,1000000.0,175.1528361433055,[25 7 31 323.4033857538845]
126,<class 'key_rate_optimization.rgs_a_routine'>,6283185307.179586,100.0,1000000.0,250.5835541615585,[25 7 31 302.12222426307693]
170,<class 'key_rate_optimization.rgs_a_routine'>,62831853071.79586,100.0,1000000.0,260.2110055436991,[25 7 31 300.1284668144593]
214,<class 'key_rate_optimization.rgs_a_routine'>,628318530717.9586,100.0,1000000.0,261.2003156470855,[25 7 31 299.9292386094719]
258,<class 'key_rate_optimization.rgs_a_routine'>,6283185307179.586,100.0,1000000.0,260.55571255213977,[24 7 31 309.0945089386996]
302,<class 'key_rate_optimization.rgs_a_routine'>,62831853071795.86,100.0,1000000.0,261.30944275207736,[25 7 31 299.9077516439002]
346,<class 'key_rate_optimization.rgs_a_routine'>,628318530717958.6,100.0,1000000.0,261.3104350868888,[25 7 31 299.907689500343]
42,<class 'key_rate_optimization.rgs_a_routine'>,62831853.071795866,1000.0,1000000.0,2.7113647357341897,[17 6 27 532.6544992694772]
86,<class 'key_rate_optimization.rgs_a_routine'>,628318530.7179586,1000.0,1000000.0,175.1530873726512,[25 7 31 323.403187405779]
130,<class 'key_rate_optimization.rgs_a_routine'>,6283185307.179586,1000.0,1000000.0,250.58381645726692,[25 7 31 302.12119771306925]
174,<class 'key_rate_optimization.rgs_a_routine'>,62831853071.79586,1000.0,1000000.0,260.21126886281087,[25 7 31 300.1278341088199]
218,<class 'key_rate_optimization.rgs_a_routine'>,628318530717.9586,1000.0,1000000.0,261.1999789090392,[25 7 32 299.684421216086]
262,<class 'key_rate_optimization.rgs_a_routine'>,6283185307179.586,1000.0,1000000.0,261.2193638854882,[25 7 32 299.66350527337545]
306,<class 'key_rate_optimization.rgs_a_routine'>,62831853071795.86,1000.0,1000000.0,261.3097061694112,[25 7 31 299.9080364723097]
350,<class 'key_rate_optimization.rgs_a_routine'>,628318530717958.6,1000.0,1000000.0,261.3106985115156,[25 7 31 299.907745562726]
3,<class 'key_rate_optimization.rgs_f_routine'>,62831853.071795866,1e-07,1000000.0,0.0,
47,<class 'key_rate_optimization.rgs_f_routine'>,628318530.7179586,1e-07,1000000.0,0.0,
91,<class 'key_rate_optimization.rgs_f_routine'>,6283185307.179586,1e-07,1000000.0,0.0,
135,<class 'key_rate_optimization.rgs_f_routine'>,62831853071.79586,1e-07,1000000.0,0.0,
179,<class 'key_rate_optimization.rgs_f_routine'>,628318530717.9586,1e-07,1000000.0,0.0,
223,<class 'key_rate_optimization.rgs_f_routine'>,6283185307179.586,1e-07,1000000.0,0.0,
267,<class 'key_rate_optimization.rgs_f_routine'>,62831853071795.86,1e-07,1000000.0,1.091173430587114e-206,[28 10 3 22.147254463790212]
311,<class 'key_rate_optimization.rgs_f_routine'>,628318530717958.6,1e-07,1000000.0,0.0,
7,<class 'key_rate_optimization.rgs_f_routine'>,62831853.071795866,1e-06,1000000.0,0.0,
51,<class 'key_rate_optimization.rgs_f_routine'>,628318530.7179586,1e-06,1000000.0,0.0,
95,<class 'key_rate_optimization.rgs_f_routine'>,6283185307.179586,1e-06,1000000.0,0.0,
139,<class 'key_rate_optimization.rgs_f_routine'>,62831853071.79586,1e-06,1000000.0,0.0,
183,<class 'key_rate_optimization.rgs_f_routine'>,628318530717.9586,1e-06,1000000.0,0.0,
227,<class 'key_rate_optimization.rgs_f_routine'>,6283185307179.586,1e-06,1000000.0,145074.79978617126,[29 8 32 242.04831695784964]
271,<class 'key_rate_optimization.rgs_f_routine'>,62831853071795.86,1e-06,1000000.0,292800.12446926994,[24 7 32 245.71173120898968]
315,<class 'key_rate_optimization.rgs_f_routine'>,628318530717958.6,1e-06,1000000.0,320359.1180366393,[24 7 32 245.67557338862045]
11,<class 'key_rate_optimization.rgs_f_routine'>,62831853.071795866,1e-05,1000000.0,0.0,
55,<class 'key_rate_optimization.rgs_f_routine'>,628318530.7179586,1e-05,1000000.0,0.0,
99,<class 'key_rate_optimization.rgs_f_routine'>,6283185307.179586,1e-05,1000000.0,0.0,
143,<class 'key_rate_optimization.rgs_f_routine'>,62831853071.79586,1e-05,1000000.0,0.0,
187,<class 'key_rate_optimization.rgs_f_routine'>,628318530717.9586,1e-05,1000000.0,32014.638285318542,[24 7 31 263.2763786320591]
231,<class 'key_rate_optimization.rgs_f_routine'>,6283185307179.586,1e-05,1000000.0,218209.70560066876,[24 7 32 248.6446013247841]
275,<class 'key_rate_optimization.rgs_f_routine'>,62831853071795.86,1e-05,1000000.0,374345.4451061525,[25 7 32 239.38052510242125]
319,<class 'key_rate_optimization.rgs_f_routine'>,628318530717958.6,1e-05,1000000.0,402762.2729408146,[24 7 32 247.0450292041698]
15,<class 'key_rate_optimization.rgs_f_routine'>,62831853.071795866,0.0001,1000000.0,0.0,
59,<class 'key_rate_optimization.rgs_f_routine'>,628318530.7179586,0.0001,1000000.0,0.0,
103,<class 'key_rate_optimization.rgs_f_routine'>,6283185307.179586,0.0001,1000000.0,0.0,
147,<class 'key_rate_optimization.rgs_f_routine'>,62831853071.79586,0.0001,1000000.0,398.2925760357148,[26 7 24 428.6088358790934]
191,<class 'key_rate_optimization.rgs_f_routine'>,628318530717.9586,0.0001,1000000.0,39950.982892504886,[24 7 31 265.3388495013046]
235,<class 'key_rate_optimization.rgs_f_routine'>,6283185307179.586,0.0001,1000000.0,226129.9433444389,[23 7 32 257.930246535924]
279,<class 'key_rate_optimization.rgs_f_routine'>,62831853071795.86,0.0001,1000000.0,382139.414149924,[23 7 32 256.32191962541526]
323,<class 'key_rate_optimization.rgs_f_routine'>,628318530717958.6,0.0001,1000000.0,411632.9461075408,[24 7 32 247.1787728283869]
19,<class 'key_rate_optimization.rgs_f_routine'>,62831853.071795866,0.001,1000000.0,0.0,
63,<class 'key_rate_optimization.rgs_f_routine'>,628318530.7179586,0.001,1000000.0,0.0,
107,<class 'key_rate_optimization.rgs_f_routine'>,6283185307.179586,0.001,1000000.0,0.0,[11 3 1 2.0079171335475663]
151,<class 'key_rate_optimization.rgs_f_routine'>,62831853071.79586,0.001,1000000.0,691.690873631311,[18 6 25 457.03581312472807]
195,<class 'key_rate_optimization.rgs_f_routine'>,628318530717.9586,0.001,1000000.0,40801.544709939146,[24 7 31 265.5398582702416]
239,<class 'key_rate_optimization.rgs_f_routine'>,6283185307179.586,0.001,1000000.0,227881.59862611617,[24 7 32 248.9217638470323]
283,<class 'key_rate_optimization.rgs_f_routine'>,62831853071795.86,0.001,1000000.0,384492.8974425631,[24 7 32 247.34876636990296]
327,<class 'key_rate_optimization.rgs_f_routine'>,628318530717958.6,0.001,1000000.0,411968.92876521306,[25 7 32 239.33690774863467]
23,<class 'key_rate_optimization.rgs_f_routine'>,62831853.071795866,0.01,1000000.0,0.0,
67,<class 'key_rate_optimization.rgs_f_routine'>,628318530.7179586,0.01,1000000.0,7.573061237971081e-44,[11 1 2 33.893124692957755]
111,<class 'key_rate_optimization.rgs_f_routine'>,6283185307.179586,0.01,1000000.0,6.524478484425021e-33,[14 5 7 238.48077124264677]
155,<class 'key_rate_optimization.rgs_f_routine'>,62831853071.79586,0.01,1000000.0,743.3254647231828,[18 6 25 460.6221742129365]
199,<class 'key_rate_optimization.rgs_f_routine'>,628318530717.9586,0.01,1000000.0,40887.25025356656,[24 7 31 265.5603837371938]
243,<class 'key_rate_optimization.rgs_f_routine'>,6283185307179.586,0.01,1000000.0,227969.61056080475,[24 7 33 248.62876984455934]
287,<class 'key_rate_optimization.rgs_f_routine'>,62831853071795.86,0.01,1000000.0,384582.38198069605,[24 7 32 247.3501993930796]
331,<class 'key_rate_optimization.rgs_f_routine'>,628318530717958.6,0.01,1000000.0,412616.813845689,[24 7 32 247.19421968012423]
27,<class 'key_rate_optimization.rgs_f_routine'>,62831853.071795866,0.1,1000000.0,0.0,
71,<class 'key_rate_optimization.rgs_f_routine'>,628318530.7179586,0.1,1000000.0,8.820482990627673e-44,[11 1 2 33.98362147186886]
115,<class 'key_rate_optimization.rgs_f_routine'>,6283185307.179586,0.1,1000000.0,8.70155340008987e-33,[15 5 7 237.8377065182501]
159,<class 'key_rate_optimization.rgs_f_routine'>,62831853071.79586,0.1,1000000.0,746.8986506529019,[19 6 25 445.66453974927674]
203,<class 'key_rate_optimization.rgs_f_routine'>,628318530717.9586,0.1,1000000.0,40895.82740010769,[24 7 31 265.562265171094]
247,<class 'key_rate_optimization.rgs_f_routine'>,6283185307179.586,0.1,1000000.0,227133.22867425563,[23 7 32 257.9680023109752]
291,<class 'key_rate_optimization.rgs_f_routine'>,62831853071795.86,0.1,1000000.0,384591.33121933707,[24 7 32 247.35085178699762]
335,<class 'key_rate_optimization.rgs_f_routine'>,628318530717958.6,0.1,1000000.0,411066.503307256,[23 7 32 256.18231062439287]
31,<class 'key_rate_optimization.rgs_f_routine'>,62831853.071795866,1.0,1000000.0,0.0,
75,<class 'key_rate_optimization.rgs_f_routine'>,628318530.7179586,1.0,1000000.0,0.0,
119,<class 'key_rate_optimization.rgs_f_routine'>,6283185307.179586,1.0,1000000.0,7.946288369747649e-33,[14 5 7 239.32613514798237]
163,<class 'key_rate_optimization.rgs_f_routine'>,62831853071.79586,1.0,1000000.0,747.432052704233,[19 6 25 445.6967427584279]
207,<class 'key_rate_optimization.rgs_f_routine'>,628318530717.9586,1.0,1000000.0,40896.68518105279,[24 7 31 265.56297405599895]
251,<class 'key_rate_optimization.rgs_f_routine'>,6283185307179.586,1.0,1000000.0,227650.81051430735,[25 7 32 241.0220814178751]
295,<class 'key_rate_optimization.rgs_f_routine'>,62831853071795.86,1.0,1000000.0,383147.16918445175,[23 7 32 256.3440559490448]
339,<class 'key_rate_optimization.rgs_f_routine'>,628318530717958.6,1.0,1000000.0,412066.87180884654,[25 7 32 239.33810762422186]
35,<class 'key_rate_optimization.rgs_f_routine'>,62831853.071795866,10.0,1000000.0,0.0,
79,<class 'key_rate_optimization.rgs_f_routine'>,628318530.7179586,10.0,1000000.0,8.9750634132987e-44,[11 1 2 33.993416911529316]
123,<class 'key_rate_optimization.rgs_f_routine'>,6283185307.179586,10.0,1000000.0,1.4698899070504826e-31,[9 4 9 166.20480659672]
167,<class 'key_rate_optimization.rgs_f_routine'>,62831853071.79586,10.0,1000000.0,692.3619315794559,[26 7 25 471.5798795985341]
211,<class 'key_rate_optimization.rgs_f_routine'>,628318530717.9586,10.0,1000000.0,40896.77095986587,[24 7 31 265.56271167577137]
255,<class 'key_rate_optimization.rgs_f_routine'>,6283185307179.586,10.0,1000000.0,227980.7328937136,[24 7 32 248.92478370380798]
299,<class 'key_rate_optimization.rgs_f_routine'>,62831853071795.86,10.0,1000000.0,384061.919360923,[25 7 32 239.49073167071268]
343,<class 'key_rate_optimization.rgs_f_routine'>,628318530717958.6,10.0,1000000.0,411067.5022779845,[23 7 32 256.18225738261896]
39,<class 'key_rate_optimization.rgs_f_routine'>,62831853.071795866,100.0,1000000.0,0.0,
83,<class 'key_rate_optimization.rgs_f_routine'>,628318530.7179586,100.0,1000000.0,0.0,[14 1 1 0.4170776312410042]
127,<class 'key_rate_optimization.rgs_f_routine'>,6283185307.179586,100.0,1000000.0,8.946164504285462e-33,[15 5 7 237.9317018017879]
171,<class 'key_rate_optimization.rgs_f_routine'>,62831853071.79586,100.0,1000000.0,692.3650167680335,[26 7 25 471.5800787300666]
215,<class 'key_rate_optimization.rgs_f_routine'>,628318530717.9586,100.0,1000000.0,40896.7795383784,[24 7 31 265.56229539447924]
259,<class 'key_rate_optimization.rgs_f_routine'>,6283185307179.586,100.0,1000000.0,227980.74181576635,[24 7 32 248.92443427622177]
303,<class 'key_rate_optimization.rgs_f_routine'>,62831853071795.86,100.0,1000000.0,384592.3246090458,[24 7 32 247.35024038734207]
347,<class 'key_rate_optimization.rgs_f_routine'>,628318530717958.6,100.0,1000000.0,412626.7592403739,[24 7 32 247.19374039314036]
43,<class 'key_rate_optimization.rgs_f_routine'>,62831853.071795866,1000.0,1000000.0,0.0,
87,<class 'key_rate_optimization.rgs_f_routine'>,628318530.7179586,1000.0,1000000.0,0.0,
131,<class 'key_rate_optimization.rgs_f_routine'>,6283185307.179586,1000.0,1000000.0,4.481021549373229e-29,[10 4 8 183.71948536984934]
175,<class 'key_rate_optimization.rgs_f_routine'>,62831853071.79586,1000.0,1000000.0,747.491268953074,[19 6 25 445.7005962836621]
219,<class 'key_rate_optimization.rgs_f_routine'>,628318530717.9586,1000.0,1000000.0,40896.78039630292,[24 7 31 265.5628347408961]
263,<class 'key_rate_optimization.rgs_f_routine'>,6283185307179.586,1000.0,1000000.0,227134.23439349496,[23 7 32 257.96803324680883]
307,<class 'key_rate_optimization.rgs_f_routine'>,62831853071795.86,1000.0,1000000.0,384592.3255046072,[24 7 32 247.3499730649093]
351,<class 'key_rate_optimization.rgs_f_routine'>,628318530717958.6,1000.0,1000000.0,412066.9697534757,[25 7 32 239.3384716395152]
0,<class 'key_rate_optimization.tgs_a_routine'>,62831853.071795866,1e-07,1000000.0,0.0,
44,<class 'key_rate_optimization.tgs_a_routine'>,628318530.7179586,1e-07,1000000.0,0.0,
88,<class 'key_rate_optimization.tgs_a_routine'>,6283185307.179586,1e-07,1000000.0,0.0,
132,<class 'key_rate_optimization.tgs_a_routine'>,62831853071.79586,1e-07,1000000.0,0.0,
176,<class 'key_rate_optimization.tgs_a_routine'>,628318530717.9586,1e-07,1000000.0,0.0,
220,<class 'key_rate_optimization.tgs_a_routine'>,6283185307179.586,1e-07,1000000.0,0.0,
264,<class 'key_rate_optimization.tgs_a_routine'>,62831853071795.86,1e-07,1000000.0,0.0,
308,<class 'key_rate_optimization.tgs_a_routine'>,628318530717958.6,1e-07,1000000.0,0.0,
4,<class 'key_rate_optimization.tgs_a_routine'>,62831853.071795866,1e-06,1000000.0,0.0,
48,<class 'key_rate_optimization.tgs_a_routine'>,628318530.7179586,1e-06,1000000.0,0.0,
92,<class 'key_rate_optimization.tgs_a_routine'>,6283185307.179586,1e-06,1000000.0,0.0,
136,<class 'key_rate_optimization.tgs_a_routine'>,62831853071.79586,1e-06,1000000.0,0.0,
180,<class 'key_rate_optimization.tgs_a_routine'>,628318530717.9586,1e-06,1000000.0,7.898314587332442e-19,[1 1 27 15.454017337439348]
224,<class 'key_rate_optimization.tgs_a_routine'>,6283185307179.586,1e-06,1000000.0,0.0,
268,<class 'key_rate_optimization.tgs_a_routine'>,62831853071795.86,1e-06,1000000.0,0.0,
312,<class 'key_rate_optimization.tgs_a_routine'>,628318530717958.6,1e-06,1000000.0,2.588468184755036e-29,[1 2 28 9.106301593056283]
8,<class 'key_rate_optimization.tgs_a_routine'>,62831853.071795866,1e-05,1000000.0,0.0,
52,<class 'key_rate_optimization.tgs_a_routine'>,628318530.7179586,1e-05,1000000.0,7.014121746217068e-18,[1 4 29 33.83084885307217]
96,<class 'key_rate_optimization.tgs_a_routine'>,6283185307.179586,1e-05,1000000.0,6.561945527608079e-17,[1 2 29 27.58963858121128]
140,<class 'key_rate_optimization.tgs_a_routine'>,62831853071.79586,1e-05,1000000.0,1.0161246067262463e-16,[1 1 29 25.15783875756154]
184,<class 'key_rate_optimization.tgs_a_routine'>,628318530717.9586,1e-05,1000000.0,1.0616604245430935e-16,[1 1 29 25.15669182959878]
228,<class 'key_rate_optimization.tgs_a_routine'>,6283185307179.586,1e-05,1000000.0,1.0664133307767255e-16,[1 1 29 25.156577165213218]
272,<class 'key_rate_optimization.tgs_a_routine'>,62831853071795.86,1e-05,1000000.0,1.0668907019862614e-16,[1 1 29 25.15656656876097]
316,<class 'key_rate_optimization.tgs_a_routine'>,628318530717958.6,1e-05,1000000.0,1.0669384600042455e-16,[1 1 29 25.156565434556512]
12,<class 'key_rate_optimization.tgs_a_routine'>,62831853.071795866,0.0001,1000000.0,7.402762249575698e-19,[1 2 29 37.66774869012343]
56,<class 'key_rate_optimization.tgs_a_routine'>,628318530.7179586,0.0001,1000000.0,2.0621705077433706e-17,[1 1 29 25.376815306322023]
100,<class 'key_rate_optimization.tgs_a_routine'>,6283185307.179586,0.0001,1000000.0,630.6515218475715,[4 28 6 480.9138535408052]
144,<class 'key_rate_optimization.tgs_a_routine'>,62831853071.79586,0.0001,1000000.0,729.830327343298,[4 28 6 472.5806630798665]
188,<class 'key_rate_optimization.tgs_a_routine'>,628318530717.9586,0.0001,1000000.0,740.3085467323226,[4 28 6 471.7637135323169]
232,<class 'key_rate_optimization.tgs_a_routine'>,6283185307179.586,0.0001,1000000.0,741.3622617190913,[4 28 6 471.6815003803846]
276,<class 'key_rate_optimization.tgs_a_routine'>,62831853071795.86,0.0001,1000000.0,740.5137872301256,[4 27 6 482.59531615949584]
320,<class 'key_rate_optimization.tgs_a_routine'>,628318530717958.6,0.0001,1000000.0,741.4782361201874,[4 28 6 471.6727814509348]
16,<class 'key_rate_optimization.tgs_a_routine'>,62831853.071795866,0.001,1000000.0,1.9816032973818574e-18,[1 1 29 27.432581430112712]
60,<class 'key_rate_optimization.tgs_a_routine'>,628318530.7179586,0.001,1000000.0,697.9394506889469,[4 27 6 561.0540708638824]
104,<class 'key_rate_optimization.tgs_a_routine'>,6283185307.179586,0.001,1000000.0,1462.7795274059563,[4 23 6 528.9073759661325]
148,<class 'key_rate_optimization.tgs_a_routine'>,62831853071.79586,0.001,1000000.0,1650.2880113839892,[4 17 5 550.3577142674003]
192,<class 'key_rate_optimization.tgs_a_routine'>,628318530717.9586,0.001,1000000.0,1666.845663887883,[4 17 5 549.5463600849108]
236,<class 'key_rate_optimization.tgs_a_routine'>,6283185307179.586,0.001,1000000.0,1660.8947616482155,[4 18 5 527.0072158242182]
280,<class 'key_rate_optimization.tgs_a_routine'>,62831853071795.86,0.001,1000000.0,1668.679589089436,[4 17 5 549.4570121779742]
324,<class 'key_rate_optimization.tgs_a_routine'>,628318530717958.6,0.001,1000000.0,1668.696272656788,[4 17 5 549.4561106071885]
20,<class 'key_rate_optimization.tgs_a_routine'>,62831853.071795866,0.01,1000000.0,2.1137032957077715e-18,[1 1 29 27.448621462652746]
64,<class 'key_rate_optimization.tgs_a_routine'>,628318530.7179586,0.01,1000000.0,794.8974344745441,[4 26 6 572.1673405585168]
108,<class 'key_rate_optimization.tgs_a_routine'>,6283185307.179586,0.01,1000000.0,1680.5627745490967,[4 17 5 556.606546897703]
152,<class 'key_rate_optimization.tgs_a_routine'>,62831853071.79586,0.01,1000000.0,1837.065772140844,[4 16 5 576.0104584133636]
196,<class 'key_rate_optimization.tgs_a_routine'>,628318530717.9586,0.01,1000000.0,1853.2974110186,[4 17 5 547.6647956034628]
240,<class 'key_rate_optimization.tgs_a_routine'>,6283185307179.586,0.01,1000000.0,1856.2476571068123,[4 16 5 575.0481213064542]
284,<class 'key_rate_optimization.tgs_a_routine'>,62831853071795.86,0.01,1000000.0,1856.4232788709544,[4 16 5 575.0397568986493]
328,<class 'key_rate_optimization.tgs_a_routine'>,628318530717958.6,0.01,1000000.0,1856.4408422866147,[4 16 5 575.0389183267775]
24,<class 'key_rate_optimization.tgs_a_routine'>,62831853.071795866,0.1,1000000.0,2.128939136057532e-18,[1 1 29 27.450404692267437]
68,<class 'key_rate_optimization.tgs_a_routine'>,628318530.7179586,0.1,1000000.0,780.3196486843017,[4 18 5 620.286993078721]
112,<class 'key_rate_optimization.tgs_a_routine'>,6283185307.179586,0.1,1000000.0,1699.7969350707183,[4 17 5 556.4118034202213]
156,<class 'key_rate_optimization.tgs_a_routine'>,62831853071.79586,0.1,1000000.0,1857.435737683846,[4 16 5 575.7853360603134]
200,<class 'key_rate_optimization.tgs_a_routine'>,628318530717.9586,0.1,1000000.0,1874.8703496233288,[4 16 5 574.911970991544]
244,<class 'key_rate_optimization.tgs_a_routine'>,6283185307179.586,0.1,1000000.0,1876.6260960588636,[4 16 5 574.8248909170471]
288,<class 'key_rate_optimization.tgs_a_routine'>,62831853071795.86,0.1,1000000.0,1876.801794429939,[4 16 5 574.8160393380075]
332,<class 'key_rate_optimization.tgs_a_routine'>,628318530717958.6,0.1,1000000.0,1876.819365505676,[4 16 5 574.8150482122546]
28,<class 'key_rate_optimization.tgs_a_routine'>,62831853.071795866,1.0,1000000.0,2.1305022314370976e-18,[1 1 29 27.450587132983447]
72,<class 'key_rate_optimization.tgs_a_routine'>,628318530.7179586,1.0,1000000.0,806.3282228415687,[4 26 6 571.7751069615061]
116,<class 'key_rate_optimization.tgs_a_routine'>,6283185307.179586,1.0,1000000.0,1701.728029693407,[4 17 5 556.3920993550289]
160,<class 'key_rate_optimization.tgs_a_routine'>,62831853071.79586,1.0,1000000.0,1859.480499573997,[4 16 5 575.7632338521263]
204,<class 'key_rate_optimization.tgs_a_routine'>,628318530717.9586,1.0,1000000.0,1874.5462730289992,[4 17 5 547.459761335219]
248,<class 'key_rate_optimization.tgs_a_routine'>,6283185307179.586,1.0,1000000.0,1876.224729548869,[4 17 5 547.3795769722587]
292,<class 'key_rate_optimization.tgs_a_routine'>,62831853071795.86,1.0,1000000.0,1876.3926889102656,[4 17 5 547.3715161154778]
336,<class 'key_rate_optimization.tgs_a_routine'>,628318530717958.6,1.0,1000000.0,1878.8649251261209,[4 16 5 574.7926984744984]
32,<class 'key_rate_optimization.tgs_a_routine'>,62831853.071795866,10.0,1000000.0,4.997962081717043e-16,[2 10 4 525.8630750096954]
76,<class 'key_rate_optimization.tgs_a_routine'>,628318530.7179586,10.0,1000000.0,806.4326467064459,[4 26 6 571.7717075634918]
120,<class 'key_rate_optimization.tgs_a_routine'>,6283185307.179586,10.0,1000000.0,1701.921216589814,[4 17 5 556.3908381648802]
164,<class 'key_rate_optimization.tgs_a_routine'>,62831853071.79586,10.0,1000000.0,1859.6850540330183,[4 16 5 575.760816589469]
208,<class 'key_rate_optimization.tgs_a_routine'>,628318530717.9586,10.0,1000000.0,1877.1204557526444,[4 16 5 574.8872220108562]
252,<class 'key_rate_optimization.tgs_a_routine'>,6283185307179.586,10.0,1000000.0,1878.876280695271,[4 16 5 574.8001037666561]
296,<class 'key_rate_optimization.tgs_a_routine'>,62831853071795.86,10.0,1000000.0,1876.586590259853,[4 17 5 547.3700106279206]
340,<class 'key_rate_optimization.tgs_a_routine'>,628318530717958.6,10.0,1000000.0,1876.603387392997,[4 17 5 547.3686605872026]
36,<class 'key_rate_optimization.tgs_a_routine'>,62831853.071795866,100.0,1000000.0,2.130674669042394e-18,[1 1 29 27.450607255853523]
80,<class 'key_rate_optimization.tgs_a_routine'>,628318530.7179586,100.0,1000000.0,806.4430896028102,[4 26 6 571.771540031405]
124,<class 'key_rate_optimization.tgs_a_routine'>,6283185307.179586,100.0,1000000.0,1701.940536060196,[4 17 5 556.39045016755]
168,<class 'key_rate_optimization.tgs_a_routine'>,62831853071.79586,100.0,1000000.0,1859.7055102676536,[4 16 5 575.7609484211137]
212,<class 'key_rate_optimization.tgs_a_routine'>,628318530717.9586,100.0,1000000.0,1877.1409191103328,[4 16 5 574.8872277602529]
256,<class 'key_rate_optimization.tgs_a_routine'>,6283185307179.586,100.0,1000000.0,1876.438021094625,[4 17 5 547.3776488157234]
300,<class 'key_rate_optimization.tgs_a_routine'>,62831853071795.86,100.0,1000000.0,1879.0724510500304,[4 16 5 574.7910463888088]
344,<class 'key_rate_optimization.tgs_a_routine'>,628318530717958.6,100.0,1000000.0,1879.0900229163567,[4 16 5 574.7903587729398]
40,<class 'key_rate_optimization.tgs_a_routine'>,62831853.071795866,1000.0,1000000.0,2.130676237115394e-18,[1 1 29 27.450607437655066]
84,<class 'key_rate_optimization.tgs_a_routine'>,628318530.7179586,1000.0,1000000.0,806.4441338972088,[4 26 6 571.7708440398143]
128,<class 'key_rate_optimization.tgs_a_routine'>,6283185307.179586,1000.0,1000000.0,1701.9424680136049,[4 17 5 556.3901341038986]
172,<class 'key_rate_optimization.tgs_a_routine'>,62831853071.79586,1000.0,1000000.0,1858.0897983902669,[4 17 5 548.2593808191154]
216,<class 'key_rate_optimization.tgs_a_routine'>,628318530717.9586,1000.0,1000000.0,1874.761496954842,[4 17 5 547.4576946404745]
260,<class 'key_rate_optimization.tgs_a_routine'>,6283185307179.586,1000.0,1000000.0,1878.89879117613,[4 16 5 574.7995789090485]
304,<class 'key_rate_optimization.tgs_a_routine'>,62831853071795.86,1000.0,1000000.0,1879.074497465268,[4 16 5 574.7911311291025]
348,<class 'key_rate_optimization.tgs_a_routine'>,628318530717958.6,1000.0,1000000.0,1879.0920693342437,[4 16 5 574.7900723907359]
1,<class 'key_rate_optimization.tgs_f_routine'>,62831853.071795866,1e-07,1000000.0,0.0,
45,<class 'key_rate_optimization.tgs_f_routine'>,628318530.7179586,1e-07,1000000.0,0.0,
89,<class 'key_rate_optimization.tgs_f_routine'>,6283185307.179586,1e-07,1000000.0,0.0,
133,<class 'key_rate_optimization.tgs_f_routine'>,62831853071.79586,1e-07,1000000.0,0.0,
177,<class 'key_rate_optimization.tgs_f_routine'>,628318530717.9586,1e-07,1000000.0,2.173717950095549e-20,[1 3 28 196.77929689721134]
221,<class 'key_rate_optimization.tgs_f_routine'>,6283185307179.586,1e-07,1000000.0,3.8093865076872656e-14,[1 1 29 25.11710755218189]
265,<class 'key_rate_optimization.tgs_f_routine'>,62831853071795.86,1e-07,1000000.0,6.580673349928697e-14,[1 1 29 25.120668297798442]
309,<class 'key_rate_optimization.tgs_f_routine'>,628318530717958.6,1e-07,1000000.0,424337.9394225618,[4 29 7 445.0264680991666]
5,<class 'key_rate_optimization.tgs_f_routine'>,62831853.071795866,1e-06,1000000.0,0.0,
49,<class 'key_rate_optimization.tgs_f_routine'>,628318530.7179586,1e-06,1000000.0,0.0,
93,<class 'key_rate_optimization.tgs_f_routine'>,6283185307.179586,1e-06,1000000.0,0.0,
137,<class 'key_rate_optimization.tgs_f_routine'>,62831853071.79586,1e-06,1000000.0,6.623990476075598e-16,[1 1 28 24.094694500735223]
181,<class 'key_rate_optimization.tgs_f_routine'>,628318530717.9586,1e-06,1000000.0,51219.85301587322,[4 29 7 451.1189748769822]
225,<class 'key_rate_optimization.tgs_f_routine'>,6283185307179.586,1e-06,1000000.0,722779.1900178619,[4 23 6 434.7318745469301]
269,<class 'key_rate_optimization.tgs_f_routine'>,62831853071795.86,1e-06,1000000.0,1321437.8276910523,[4 17 5 476.92088579988246]
313,<class 'key_rate_optimization.tgs_f_routine'>,628318530717958.6,1e-06,1000000.0,1440504.668393341,[4 23 6 431.4027653323394]
9,<class 'key_rate_optimization.tgs_f_routine'>,62831853.071795866,1e-05,1000000.0,0.0,
53,<class 'key_rate_optimization.tgs_f_routine'>,628318530.7179586,1e-05,1000000.0,0.0,
97,<class 'key_rate_optimization.tgs_f_routine'>,6283185307.179586,1e-05,1000000.0,6.627820870433642e-17,[1 1 28 25.79668917049277]
141,<class 'key_rate_optimization.tgs_f_routine'>,62831853071.79586,1e-05,1000000.0,3505.339303115735,[4 29 7 535.6232758292041]
185,<class 'key_rate_optimization.tgs_f_routine'>,628318530717.9586,1e-05,1000000.0,158068.8897064838,[4 17 5 481.1653093221284]
229,<class 'key_rate_optimization.tgs_f_routine'>,6283185307179.586,1e-05,1000000.0,939556.177551053,[4 16 5 497.2315070665308]
273,<class 'key_rate_optimization.tgs_f_routine'>,62831853071795.86,1e-05,1000000.0,1503775.9547649857,[4 22 6 443.25484977460997]
317,<class 'key_rate_optimization.tgs_f_routine'>,628318530717958.6,1e-05,1000000.0,1713439.4875551248,[4 17 5 472.67160012750094]
13,<class 'key_rate_optimization.tgs_f_routine'>,62831853.071795866,0.0001,1000000.0,4.3276451370298577e-29,[1 1 27 7.54964132882141]
57,<class 'key_rate_optimization.tgs_f_routine'>,628318530.7179586,0.0001,1000000.0,1.4581620796383157e-32,[1 6 28 310.3340254932042]
101,<class 'key_rate_optimization.tgs_f_routine'>,6283185307.179586,0.0001,1000000.0,8.533326255392736e-17,[1 1 29 25.12239319364078]
145,<class 'key_rate_optimization.tgs_f_routine'>,62831853071.79586,0.0001,1000000.0,14520.926443550974,[4 17 5 530.3189356079625]
189,<class 'key_rate_optimization.tgs_f_routine'>,628318530717.9586,0.0001,1000000.0,186528.920516306,[4 16 5 501.48481268196684]
233,<class 'key_rate_optimization.tgs_f_routine'>,6283185307179.586,0.0001,1000000.0,970331.7202140857,[4 16 5 496.3950711364855]
277,<class 'key_rate_optimization.tgs_f_routine'>,62831853071795.86,0.0001,1000000.0,1633706.095532496,[4 16 5 495.89055444576974]
321,<class 'key_rate_optimization.tgs_f_routine'>,628318530717958.6,0.0001,1000000.0,1753156.636614796,[4 16 5 495.8396489044785]
17,<class 'key_rate_optimization.tgs_f_routine'>,62831853.071795866,0.001,1000000.0,3.5912607904435507e-20,[1 1 28 29.910625235087082]
61,<class 'key_rate_optimization.tgs_f_routine'>,628318530.7179586,0.001,1000000.0,6.829897939576598e-18,[1 1 29 25.132841193613473]
105,<class 'key_rate_optimization.tgs_f_routine'>,6283185307.179586,0.001,1000000.0,0.2208651189605407,[3 17 5 710.0684840831879]
149,<class 'key_rate_optimization.tgs_f_routine'>,62831853071.79586,0.001,1000000.0,17244.30219388215,[4 16 5 553.2998913727374]
193,<class 'key_rate_optimization.tgs_f_routine'>,628318530717.9586,0.001,1000000.0,189618.4452263896,[4 16 5 501.0630079382394]
237,<class 'key_rate_optimization.tgs_f_routine'>,6283185307179.586,0.001,1000000.0,906535.6153703046,[4 20 6 480.07856032160737]
281,<class 'key_rate_optimization.tgs_f_routine'>,62831853071795.86,0.001,1000000.0,1636826.5499569888,[4 16 5 495.8406172265937]
325,<class 'key_rate_optimization.tgs_f_routine'>,628318530717958.6,0.001,1000000.0,1756277.3729719736,[4 16 5 495.79310523267173]
21,<class 'key_rate_optimization.tgs_f_routine'>,62831853.071795866,0.01,1000000.0,6.161780760721868e-20,[1 1 29 25.636629263158927]
65,<class 'key_rate_optimization.tgs_f_routine'>,628318530.7179586,0.01,1000000.0,7.030427266612503e-18,[1 1 29 25.136100073276573]
109,<class 'key_rate_optimization.tgs_f_routine'>,6283185307.179586,0.01,1000000.0,10.90814435420297,[3 11 4 871.5862989917096]
153,<class 'key_rate_optimization.tgs_f_routine'>,62831853071.79586,0.01,1000000.0,17460.441394697187,[4 17 5 527.0428658993313]
197,<class 'key_rate_optimization.tgs_f_routine'>,628318530717.9586,0.01,1000000.0,188517.3859449505,[4 15 5 530.5770806556056]
241,<class 'key_rate_optimization.tgs_f_routine'>,6283185307179.586,0.01,1000000.0,967869.3177006496,[4 17 5 472.7318677432019]
285,<class 'key_rate_optimization.tgs_f_routine'>,62831853071795.86,0.01,1000000.0,1637138.8415741676,[4 16 5 495.83527587216435]
329,<class 'key_rate_optimization.tgs_f_routine'>,628318530717958.6,0.01,1000000.0,1756589.6761124898,[4 16 5 495.7886816644408]
25,<class 'key_rate_optimization.tgs_f_routine'>,62831853.071795866,0.1,1000000.0,6.361091714894689e-20,[1 1 29 25.638989848172567]
69,<class 'key_rate_optimization.tgs_f_routine'>,628318530.7179586,0.1,1000000.0,7.052274721766368e-18,[1 1 29 25.136450939799314]
113,<class 'key_rate_optimization.tgs_f_routine'>,6283185307.179586,0.1,1000000.0,13.13565474606876,[3 10 4 923.1203030319656]
157,<class 'key_rate_optimization.tgs_f_routine'>,62831853071.79586,0.1,1000000.0,17571.80202249861,[4 16 5 552.9060664351758]
201,<class 'key_rate_optimization.tgs_f_routine'>,628318530717.9586,0.1,1000000.0,188832.7206614189,[4 17 5 477.24456014079715]
245,<class 'key_rate_optimization.tgs_f_routine'>,6283185307179.586,0.1,1000000.0,967898.8095524664,[4 17 5 472.73092046959437]
289,<class 'key_rate_optimization.tgs_f_routine'>,62831853071795.86,0.1,1000000.0,1637170.0731991648,[4 16 5 495.83515527501106]
333,<class 'key_rate_optimization.tgs_f_routine'>,628318530717958.6,0.1,1000000.0,1756620.9087243285,[4 16 5 495.78799370453345]
29,<class 'key_rate_optimization.tgs_f_routine'>,62831853.071795866,1.0,1000000.0,6.382837529239258e-20,[1 1 29 25.63924238353486]
73,<class 'key_rate_optimization.tgs_f_routine'>,628318530.7179586,1.0,1000000.0,7.054486651599189e-18,[1 1 29 25.13648559706815]
117,<class 'key_rate_optimization.tgs_f_routine'>,6283185307.179586,1.0,1000000.0,13.393256608104908,[3 10 4 925.92638661316]
161,<class 'key_rate_optimization.tgs_f_routine'>,62831853071.79586,1.0,1000000.0,17574.79804824548,[4 16 5 552.9024864150821]
205,<class 'key_rate_optimization.tgs_f_routine'>,628318530717.9586,1.0,1000000.0,189963.68560152213,[4 16 5 501.0162901806359]
249,<class 'key_rate_optimization.tgs_f_routine'>,6283185307179.586,1.0,1000000.0,967901.7587770816,[4 17 5 472.7308205131891]
293,<class 'key_rate_optimization.tgs_f_routine'>,62831853071795.86,1.0,1000000.0,1627257.1421617074,[4 17 5 472.2840626186294]
337,<class 'key_rate_optimization.tgs_f_routine'>,628318530717958.6,1.0,1000000.0,1639967.2732820208,[4 21 6 459.8363598088368]
33,<class 'key_rate_optimization.tgs_f_routine'>,62831853.071795866,10.0,1000000.0,6.385039590775042e-20,[1 1 29 25.639267904911158]
77,<class 'key_rate_optimization.tgs_f_routine'>,628318530.7179586,10.0,1000000.0,7.054708133671609e-18,[1 1 29 25.136489992270775]
121,<class 'key_rate_optimization.tgs_f_routine'>,6283185307.179586,10.0,1000000.0,13.419125322625256,[3 10 4 926.2056489424833]
165,<class 'key_rate_optimization.tgs_f_routine'>,62831853071.79586,10.0,1000000.0,17575.097669620845,[4 16 5 552.9016198192743]
209,<class 'key_rate_optimization.tgs_f_routine'>,628318530717.9586,10.0,1000000.0,189963.9968393704,[4 16 5 501.01616953092207]
253,<class 'key_rate_optimization.tgs_f_routine'>,6283185307179.586,10.0,1000000.0,966868.3649663456,[4 15 5 525.598091803663]
297,<class 'key_rate_optimization.tgs_f_routine'>,62831853071795.86,10.0,1000000.0,1627257.4371758378,[4 17 5 472.2840735492797]
341,<class 'key_rate_optimization.tgs_f_routine'>,628318530717958.6,10.0,1000000.0,1744169.0258274323,[4 15 5 525.0561094859809]
37,<class 'key_rate_optimization.tgs_f_routine'>,62831853.071795866,100.0,1000000.0,6.385260089149027e-20,[1 1 29 25.63927046689015]
81,<class 'key_rate_optimization.tgs_f_routine'>,628318530.7179586,100.0,1000000.0,7.054730284788895e-18,[1 1 29 25.136489499984865]
125,<class 'key_rate_optimization.tgs_f_routine'>,6283185307.179586,100.0,1000000.0,13.4217132771491,[3 10 4 926.2334468415171]
169,<class 'key_rate_optimization.tgs_f_routine'>,62831853071.79586,100.0,1000000.0,17575.12763192047,[4 16 5 552.9015202808655]
213,<class 'key_rate_optimization.tgs_f_routine'>,628318530717.9586,100.0,1000000.0,188554.05644327935,[4 15 5 530.5720501786561]
257,<class 'key_rate_optimization.tgs_f_routine'>,6283185307179.586,100.0,1000000.0,967902.0831903452,[4 17 5 472.73080334582465]
301,<class 'key_rate_optimization.tgs_f_routine'>,62831853071795.86,100.0,1000000.0,1625562.7759520295,[4 15 5 525.1051196792915]
345,<class 'key_rate_optimization.tgs_f_routine'>,628318530717958.6,100.0,1000000.0,1745985.2729062312,[4 17 5 472.23935778953785]
41,<class 'key_rate_optimization.tgs_f_routine'>,62831853.071795866,1000.0,1000000.0,6.385282141927844e-20,[1 1 29 25.63927064387186]
85,<class 'key_rate_optimization.tgs_f_routine'>,628318530.7179586,1000.0,1000000.0,7.054732499929405e-18,[1 1 29 25.13648954698612]
129,<class 'key_rate_optimization.tgs_f_routine'>,6283185307.179586,1000.0,1000000.0,7.766058621922439,[3 14 5 1059.0123319853706]
173,<class 'key_rate_optimization.tgs_f_routine'>,62831853071.79586,1000.0,1000000.0,17575.130628170522,[4 16 5 552.9021399524315]
217,<class 'key_rate_optimization.tgs_f_routine'>,628318530717.9586,1000.0,1000000.0,189964.03107573575,[4 16 5 501.0160209014139]
261,<class 'key_rate_optimization.tgs_f_routine'>,6283185307179.586,1000.0,1000000.0,967902.0861411396,[4 17 5 472.7310762713606]
305,<class 'key_rate_optimization.tgs_f_routine'>,62831853071795.86,1000.0,1000000.0,1625562.7792668573,[4 15 5 525.1053699758739]
349,<class 'key_rate_optimization.tgs_f_routine'>,628318530717958.6,1000.0,1000000.0,1745985.2758551857,[4 17 5 472.23937642033644]
